"","Comp 1","Comp 2","Comp 3","Comp 4","Comp 5","Comp 6","Comp 7","Comp 8"
"S-1-pyrroline-5-carboxylate",0.031217,-0.031042,-0.012272,-0.0019699,-0.0062284,0.031325,-0.022554,-0.0083894
"putrescine",0.029127,-0.016955,0.0049235,0.0029148,0.0089746,0.01186,-0.021343,0.0049382
"spermidine",0.031756,-0.018592,0.012768,-0.0057184,-0.0086134,0.00034911,-0.02471,0.015276
"1-methylnicotinamide",0.013227,0.010402,-0.019093,-0.029354,0.00084614,-0.012325,-0.0064998,-0.016964
"12,13-DiHOME",0.016967,-0.0050256,-0.014149,0.023638,-0.057488,-0.057012,0.023151,-0.027825
"alpha-ketoglutarate",-0.035237,0.030948,0.00021137,0.021774,0.04807,0.050723,-0.003221,-0.010714
"kynurenate",0.0077547,-0.00047692,-0.0018628,-0.029347,-0.0095357,-0.0064859,-0.12283,0.039415
"3-hydroxyisobutyrate",-0.017393,-0.0011292,-0.031902,0.0023322,-0.036698,0.016575,0.050634,-0.0095661
"3-hydroxy-3-methylglutarate",0.013679,0.00083501,0.014631,-0.0050716,0.020229,0.0029762,0.0091012,-0.019457
"3-phosphoglycerate",-0.047983,0.0031145,0.057272,-0.035537,0.014876,-0.00014201,-0.043945,0.012624
"cholate",0.041957,0.083877,-0.076253,-0.017876,-0.061634,-0.020817,-0.059095,0.14247
"gamma-aminobutyrate (GABA)",0.042331,-0.027158,-0.031737,-0.043093,0.03602,-0.018907,0.0089081,-0.012317
"4-hydroxynonenal",-0.0060432,0.04132,0.01866,0.041164,0.057325,-0.018391,0.045355,-0.078497
"hypoxanthine",0.039108,-0.028703,-0.025816,0.0029389,0.0037202,0.011544,0.0040449,-0.015422
"guanine",-0.0010109,0.0027466,-0.010113,0.021098,-0.00030505,0.01594,-0.011957,0.0035736
"9,10-DiHOME",0.015966,-0.033325,-0.020461,-0.00048393,-0.025861,-0.028849,0.0080872,-0.020864
"linoleate (18:2n6)",0.053495,-0.030937,-0.025963,0.036117,-0.043996,0.0037048,-0.016967,-0.0070021
"laurate (12:0)",0.02161,-0.013406,-0.020496,0.019833,-0.018324,0.0043444,0.0020823,-0.0257
"N6,N6,N6-trimethyllysine",0.0025075,-0.0091504,0.0095439,-0.014175,-0.0045584,0.0092841,-0.0027303,-0.010264
"N-formylmethionine",-0.00098638,-0.0023121,-0.028065,0.012696,0.00066698,0.019094,-0.014121,-0.010701
"S-adenosylhomocysteine (SAH)",0.032101,-0.02455,-0.011299,0.0091819,0.023773,-0.0042481,0.00072227,-0.025184
"adenosine 3',5'-cyclic monophosphate (cAMP)",0.00057756,-0.002453,-0.010299,0.032408,0.00012439,0.021811,0.0045881,0.0065937
"ADP",-0.017787,0.0088455,0.0088803,-0.020446,0.0021617,-0.0072371,-0.020469,-0.0015841
"AMP",-0.049025,0.026679,0.0024532,0.0041032,-0.013588,-0.00055151,-0.014796,0.017795
"ATP",0.0037023,0.00074596,0.028417,-0.041468,0.00017027,-0.031301,-0.021339,0.054106
"2'-deoxyadenosine",-0.079806,0.050049,-0.01923,0.018498,-0.0053519,0.028908,-0.032916,0.03432
"5-methylthioadenosine (MTA)",-0.0079924,-0.00065202,-0.003311,0.0025109,0.0010073,0.0014256,-0.0058663,-0.0051107
"adenosine 5'-diphosphoribose (ADP-ribose)",-0.13055,0.093729,0.039676,-0.0083892,-0.038291,0.026279,-0.0037841,0.065006
"AICA ribonucleotide",0.037323,-0.0043186,0.023457,0.023916,-0.053855,0.026412,-0.022408,0.053888
"allantoic acid",0.0014393,0.0035107,0.0066426,-0.0099288,-0.00011442,0.0066912,0.0029533,-0.0078522
"ribose 1-phosphate",0.013846,-0.0068352,-0.010716,-0.0097884,-0.0040078,0.004503,0.011862,0.0011941
"arachidonate (20:4n6)",0.059962,-0.043449,-0.028652,0.032784,-0.01276,0.018475,0.0072918,-0.01425
"arachidonoyl CoA",-0.088542,-0.008132,-0.011279,0.010497,0.042442,0.044783,-0.049503,-0.0017181
"arginine",0.0060761,-0.017221,-0.0099763,-0.014262,-0.0046656,0.0012263,0.003829,0.0064923
"argininosuccinate",0.052505,-0.045004,-0.026262,-0.015219,0.0056704,-0.0018733,0.014394,-0.037597
"ascorbate (vitamin C)",-0.035334,0.029534,-0.051513,0.080512,-0.0585,0.039772,-0.043495,0.074076
"aspartate",0.0017126,-0.014633,-0.012507,0.023802,-0.01221,-0.0072814,-0.0043517,-0.0476
"3-(4-hydroxyphenyl)lactate (HPLA)",0.019472,-0.012076,0.00025029,0.033151,-0.039903,0.030494,-0.019669,0.018571
"carnosine",0.034731,0.029113,0.021053,-0.0023144,0.0047462,-0.036136,0.014148,0.053712
"biliverdin",-0.001023,-0.013647,0.0029294,-0.014211,0.0050103,-0.0048352,0.0013166,-0.0014539
"succinate",-0.074949,0.0696,0.016789,0.007389,-0.0088483,0.012013,-0.0079332,0.032737
"3-hydroxybutyrate (BHBA)",-0.006166,0.002844,-0.012696,0.00045844,0.0010395,-0.0044299,-0.00016568,-0.0083651
"cholesterol",0.004471,0.0013471,0.0025364,0.0011473,0.0060439,-0.010354,-0.0041716,0.0012882
"phosphocholine",0.010048,-0.026183,-0.0054239,-0.0015344,-0.015857,-0.0018661,0.0052873,-0.0047002
"CoA-glutathione*",-0.15297,0.087794,0.017256,-0.0099089,0.014051,0.014003,-0.018527,0.018761
"CoA",-0.09647,0.01992,0.033448,0.0019087,0.039485,0.058348,-0.070899,0.031694
"corticosterone",-0.018976,0.0095173,0.054551,-0.033221,0.078325,0.063822,0.12607,0.016209
"creatinine",0.0031109,-0.0081091,-0.0039897,0.0082656,0.00055157,0.000929,-0.011375,0.0022657
"CMP",0.0025748,-0.0074467,-0.0026196,0.0022979,-0.012563,0.0062086,-0.0030949,0.0029888
"glucosamine 6-phosphate",0.043505,-0.12163,0.20626,-0.10888,-0.034784,0.029151,-0.037488,0.055026
"glucose 6-phosphate",0.04342,-0.11688,0.19746,-0.11215,-0.035533,0.032952,-0.040864,0.069104
"mannose 6-phosphate",0.041791,-0.11678,0.19619,-0.10989,-0.035305,0.018401,-0.035451,0.04633
"sphingosine",0.015826,-0.020681,-0.011411,-0.012592,0.0077378,-0.013896,0.013939,0.013142
"dehydroascorbate",-0.025886,0.015838,0.010278,0.038518,-0.0018172,0.022694,-0.050986,0.0032783
"deoxycholate",0.016961,-0.010683,0.0096213,-0.044256,0.031898,-0.048411,0.011391,-0.035087
"dihydroxyacetone phosphate (DHAP)",0.054264,-0.11065,0.021274,0.093449,0.0081927,0.075435,0.04793,0.08271
"cystathionine",0.019175,-0.010185,0.0056478,0.00015298,-0.0233,0.0097204,-0.0065652,-0.022874
"sphinganine",0.020407,-0.0026995,0.00026253,-0.01035,-0.013976,-0.019739,0.022658,0.02779
"FAD",-0.011977,0.0033197,-0.0070083,0.018658,0.014371,0.0006358,-0.0090845,0.00036414
"fumarate",-0.0076769,-0.0013978,-0.0067011,0.0093976,0.010909,-0.0086022,-0.008354,-0.021287
"gamma-glutamylglutamate",0.027486,-0.044222,-0.00050621,-0.018241,0.018665,0.039919,-0.041542,0.0010388
"gluconate",0.037753,-0.029651,0.041377,-0.013301,0.0083093,-0.016574,-0.019787,0.0213
"glutarate (C5-DC)",0.016894,-0.014756,-0.020823,0.011949,0.0056162,0.019863,-0.004994,-0.042426
"glycine",0.0085125,-0.0078027,-0.0070065,-0.0074247,0.0091618,0.010571,-0.0018704,-0.011166
"guanidinoacetate",-0.00053937,0.0061477,-0.0010599,0.030934,-0.053527,0.030025,0.0047533,0.0018029
"5'- GMP",0.0043489,-0.0080454,-0.0024617,-0.0053607,-0.012607,0.0016409,0.0002759,0.0039075
"2'-deoxyguanosine",-0.019566,-0.010283,-0.021135,0.015554,0.010087,0.019863,-0.0039119,0.017621
"histamine",-0.021836,0.018655,0.052177,-0.027353,0.066374,-0.015913,-0.013829,0.0057779
"histidine",0.0040844,-0.00096093,0.0010782,0.018063,-0.0056989,0.014797,0.0086074,-0.0080242
"hypotaurine",0.013988,-0.0029172,-0.0090739,-0.0035341,0.027548,0.029274,-0.0092158,-0.049945
"inosine",0.036177,-0.028286,-0.013261,0.00057637,0.0058015,0.013726,0.0022536,-0.0051656
"inosine 5'-monophosphate (IMP)",0.037166,-0.022827,0.029341,-0.019592,0.0059022,0.0071956,-0.007188,0.018472
"myo-inositol",-0.019508,-0.00076853,0.0027159,-0.010773,0.020024,0.022574,0.013364,-0.026623
"inositol 1-phosphate (I1P)",0.021668,-0.0093194,0.030657,-0.0048687,0.0083793,-0.0066216,0.040929,0.053052
"isoleucine",0.011209,-0.0033688,-0.014295,0.015405,-0.0070525,-0.012566,0.00050267,-0.020141
"2-aminoadipate",-0.035969,0.023911,0.015731,-0.024469,0.034945,-0.014024,0.0010155,0.0015748
"citrulline",0.0064589,-0.0017985,0.0044938,-0.0059556,0.0046597,0.012995,-4.6245e-05,0.0053862
"leucine",0.015851,-0.0067744,-0.01006,0.015925,-0.015082,-0.022551,0.0094458,-0.01191
"lysine",-0.011786,-0.016304,0.0069752,-0.0079564,-0.0314,-0.0066333,-0.00098593,-0.00021677
"malate",0.0066359,-0.0058938,-0.012856,0.00097855,0.00282,-0.0051735,0.00094138,-0.014311
"methionine",0.015747,-0.016191,0.0085151,0.0068591,-0.02506,-0.0044847,0.015823,0.0018265
"palmitate (16:0)",0.037062,-0.017967,-0.015051,0.024347,-0.043787,-0.0025322,-0.013681,-0.0012688
"NADH",-0.077328,0.017875,-0.093389,0.034758,0.038727,-0.030201,-0.055833,0.027504
"nicotinamide",0.00048458,-0.0047618,-0.0023705,0.0079687,-0.0028797,-0.0083397,-0.0010181,0.0053296
"stearate (18:0)",0.046091,-0.032136,-0.01944,0.050938,-0.077739,0.015077,-0.00028465,-0.013004
"oleoyl CoA",-0.068423,0.040527,-0.0055788,0.014701,0.010589,-0.02458,-0.0037707,-0.069842
"ornithine",-0.0072944,-0.007802,0.015619,0.020258,-0.033359,-0.0084943,0.020348,0.00093596
"orotate",0.040207,0.0077367,-0.0071454,0.0080952,-0.018365,0.0053275,0.0022946,0.00567
"glutathione, oxidized (GSSG)",-0.0021209,0.0024248,-0.0086315,-0.0018826,0.0020167,0.0043881,-0.004352,-0.0048527
"palmitoleate (16:1n7)",0.056376,-0.025293,-0.024642,0.02133,-0.038188,-0.0070038,-0.014791,-0.004242
"phenylalanine",0.013412,-0.014315,-0.0032256,0.008442,-0.0081108,-0.0097695,0.0099821,-0.0040334
"phosphate",0.00086633,-0.0028059,-0.018696,0.0064012,-0.00032521,-0.0041299,0.0035393,-0.0024431
"phosphoenolpyruvate (PEP)",-0.042367,-0.0067115,0.081854,-0.034067,0.016668,-0.0054737,-0.076001,-0.039319
"phytosphingosine",0.017918,-0.016781,-0.0022541,0.0051433,-0.0024403,0.023456,0.01906,0.010677
"proline",0.017098,-0.010631,-0.0037882,0.024999,-0.035634,0.016889,0.010163,-0.013668
"lactate",0.0030854,-0.012722,-0.00041429,-0.0025253,-0.018699,0.015492,-0.013829,0.020617
"pyridoxal",0.025021,-0.031323,0.00011544,0.015261,-0.0073707,0.0055238,-0.0010567,0.0077636
"pyridoxal phosphate",-0.0038424,-0.010743,-0.016294,0.010154,0.027876,0.0081138,0.001261,0.0022203
"pyridoxamine phosphate",-0.0086036,-0.0030922,-0.012274,0.006591,0.0033988,-0.010698,0.0064525,-0.00047241
"glutathione, reduced (GSH)",-0.033986,-0.0093259,0.0017889,0.0062007,0.0023834,0.010422,-0.026455,0.010169
"retinol (vitamin A)",0.043777,0.019828,0.024314,0.023449,0.030969,0.005079,0.023499,0.043031
"riboflavin (vitamin B2)",0.012691,-0.0081365,-0.03433,-0.0014038,0.0081281,0.0071794,-0.002418,-0.0296
"salicylate",0.041582,-0.034139,-0.046446,0.011169,0.033465,-0.016192,0.037137,0.0055343
"serine",0.016081,-0.028485,0.0039729,-0.012499,-0.0012273,0.010317,-0.028903,0.015332
"serotonin",0.021323,0.049467,-0.0063971,-0.010517,-0.03148,0.10298,0.00017878,0.11747
"spermine",0.016049,-0.024862,0.017729,-0.0038302,0.00058546,-0.0090507,-0.027645,0.0012769
"taurine",0.0010094,-0.00068075,-0.0007291,0.00084258,0.0022278,-0.00049454,-0.0051056,0.0019436
"myristate (14:0)",0.044224,-0.025994,-0.024543,0.030223,-0.06022,-0.0031029,0.0089846,-0.0040623
"thiamin diphosphate",-0.022009,0.009029,0.015401,0.0085703,0.0095722,0.015536,-0.0085728,0.0028089
"thiamin monophosphate",0.026447,-0.018699,-0.014762,-0.007525,-0.0020748,0.0023274,0.012547,-0.0019199
"urea",0.0024615,0.0093824,0.01838,-0.0073244,-0.0064753,0.00093659,0.0037069,-0.01737
"uridine",-0.00078303,-0.0062764,0.0083413,0.0026954,0.0026622,0.00078602,-0.010978,-0.0010379
"2'-deoxyuridine",-0.064425,0.013212,-0.032525,0.017117,-0.041439,0.037266,0.0094466,0.027827
"trans-urocanate",-0.02564,-0.014832,-0.0060053,0.016472,0.0040399,0.039221,0.087632,-0.01849
"glutamate",-0.014067,-0.0048041,-0.0021218,0.0045475,-0.0093981,0.0033517,-0.0022729,-0.0072765
"glutamine",0.0021045,-0.0070808,-0.01312,-0.0031192,0.0099364,0.0012832,0.010395,0.0063989
"threonine",-0.00056552,-0.010678,0.0039312,0.0041828,-0.010676,0.0029177,0.00078718,-0.011184
"tryptophan",-0.0051069,-0.009544,-0.0047575,0.017206,-0.03516,-0.0032945,0.0085923,0.00075444
"valine",0.0061578,-0.0018261,-0.016108,0.019437,-0.01523,-0.0035423,-0.0055935,-0.0197
"nicotinate",-0.0014109,-0.0040659,0.0091407,-0.0011382,-0.0074994,-0.00067278,-0.0056547,0.011671
"pyridoxamine",-0.018144,-0.0051151,-0.010709,0.021951,0.021548,-0.01739,-0.001788,-0.011383
"glucose",0.049536,-0.056158,0.11011,-0.026501,-0.01239,0.052794,-0.047848,0.038131
"adenosine",-0.10341,0.067351,-0.028354,0.032227,-0.0033608,0.0061733,-0.002769,0.039265
"betaine",-0.0039919,-0.034572,-0.0026203,0.0049218,0.0012749,0.014881,-0.011063,0.016413
"cysteine",0.017305,-0.0047991,-0.018079,0.011494,0.0063288,0.0096434,0.0081244,-0.018689
"mannose",0.050702,-0.10116,0.13515,-0.043975,0.00026418,0.026098,-0.051282,0.0094973
"dimethylglycine",9.4825e-05,-0.0085591,-0.018209,0.0079282,0.0081317,0.00074923,0.01272,0.0017463
"alanine",-0.0058769,0.00047133,-0.0030223,0.019963,-0.0040922,0.0061314,-0.021594,0.0029538
"tyrosine",0.022845,-0.02741,-0.010562,0.017187,-0.03996,0.0098142,0.026525,0.011475
"malonate",-0.00045181,0.0032706,-0.007338,-0.0073251,0.014057,-0.019707,0.0010209,0.010144
"pseudouridine",0.023754,0.0012451,-0.0065315,-0.039848,0.012576,-0.015742,0.0016251,-0.0064127
"pyruvate",-0.0056291,0.0078539,0.00073069,0.054304,-0.023333,0.015718,-0.0136,0.00084758
"uracil",0.063505,-0.029002,-0.043896,0.007565,-0.011406,0.01668,-0.019863,-0.018289
"cytidine",0.014425,-0.017969,0.0056334,-0.0039071,0.0096881,-0.0050389,-0.017931,-0.0074493
"UMP",-0.0051616,0.00781,0.035764,-0.027953,-0.018824,0.0041648,-5.0211e-05,0.015697
"uridine 5'-diphosphate (UDP)",-0.04125,0.020222,0.040186,-0.047173,-0.0056162,-0.011608,-0.035441,-0.043841
"thymidine",-0.018578,-0.017123,-0.027234,0.012714,0.0022161,0.037672,0.0009824,0.035481
"thiamin (vitamin B1)",0.069484,-0.070984,-0.018779,0.0038413,-0.0053453,0.015202,-0.0021753,-0.0076165
"fructose",0.042331,-0.10891,0.11311,-0.057196,-0.018976,0.028197,-0.043084,0.05722
"adenine",-0.0090932,0.0043078,-0.034676,0.012247,0.0061058,0.0039055,0.0056285,0.0066347
"cytosine",0.010019,-0.00063394,0.0072479,-0.029018,-0.058085,0.01748,0.061949,0.008141
"thymine",-0.034939,-0.0031355,-0.0081234,-0.032709,-0.017995,0.017644,0.091474,-0.015136
"caprate (10:0)",0.017426,-0.0084349,-0.033057,0.0072218,0.014731,-0.030997,0.033016,-0.012465
"margarate (17:0)",0.048669,-0.030466,-0.019232,0.042619,-0.073838,0.0055847,-0.0081609,-0.00079993
"nonadecanoate (19:0)",0.051751,-0.033605,-0.0013667,0.067269,-0.075722,0.041875,-0.019558,-0.016511
"arachidate (20:0)",0.042216,-0.039701,-0.0044868,0.050761,-0.076194,0.017475,-0.01648,-0.010662
"maltose",0.020045,-0.06596,0.13748,-0.066347,-0.015293,-0.0055584,-0.067127,0.036162
"ribose",0.078296,-0.068112,-0.014971,0.013256,0.0072318,0.015271,-0.018438,-0.032798
"asparagine",0.012019,-0.011198,-0.0045179,-0.0095304,-0.014137,-0.010287,0.01445,-0.0080581
"sucrose",-0.027931,-0.06044,-0.0072311,0.07779,0.074769,0.083277,0.072244,0.046065
"pentadecanoate (15:0)",0.035447,-0.016003,-0.0052919,0.01892,-0.036363,0.0060997,-0.010705,0.0056158
"hydroxyproline",0.036737,0.0076798,-0.0035334,-0.0041509,-0.027722,-0.00066107,0.0045341,0.019772
"allantoin",0.020701,0.0045858,0.0045889,-0.030198,0.019872,-0.010636,0.0085735,-0.015089
"galactitol (dulcitol)",-0.0062115,0.015474,0.011145,-0.0043918,-0.029088,0.016881,-0.043609,-0.0087322
"xanthine",0.038943,-0.034348,-0.010444,0.011344,0.0052587,0.020977,-0.024676,0.0067857
"5-oxoproline",0.0077731,-0.0089646,-0.023941,0.020631,0.015038,0.021796,0.020047,-0.0059172
"pantothenate (Vitamin B5)",-0.021823,-0.017909,-0.00086423,0.0057575,0.015002,0.0020599,-0.010612,0.012096
"pipecolate",0.070467,0.043497,0.020775,0.010379,-0.0074876,0.024458,0.010241,0.0075526
"phosphoethanolamine (PE)",-0.0075045,0.0073921,-0.0042515,0.0058865,0.0068458,0.011241,-0.0043655,-0.0014838
"glycerate",0.0029104,-0.0089714,0.0088854,0.0034372,-0.0039546,0.013226,-0.021099,-0.003886
"3-ureidopropionate",-0.030838,-0.030523,-0.066542,-0.009571,0.025583,-0.012658,-0.0080076,0.0015452
"N-acetylleucine",-0.019157,0.00047434,0.016708,0.027374,-0.060199,-0.034738,0.067297,0.0069998
"N-acetylmethionine",0.057851,-0.032167,-0.015262,-0.0086911,0.0040847,0.013315,0.0044726,-0.00044532
"erucate (22:1n9)",0.054562,-0.057488,0.0012622,0.045876,-0.091105,0.037112,-0.0012766,-0.0045038
"UDP-glucose",-0.032694,0.051372,-0.080492,0.0092748,0.012828,-0.034888,0.010927,-0.016349
"UDP-glucuronate",-0.008271,0.00058888,0.008178,0.0031326,-0.010048,0.0042246,-0.00047523,-0.0049335
"guanosine",-0.0014469,-0.0093462,-0.015399,0.016998,0.016775,0.013567,-0.011769,-0.0024936
"alpha-tocopherol",-0.0022229,-0.0052146,-0.013318,0.017327,-0.01274,0.0012268,0.023148,0.018434
"N-carbamoylaspartate",-0.0011022,0.009821,0.023084,0.020041,-0.026566,0.017233,-0.017613,-0.010458
"N-acetylalanine",0.021802,-0.023623,-0.0064343,0.0086437,0.0081969,-0.0089657,0.0034708,0.0018911
"3-aminoisobutyrate",0.0083381,0.018846,-0.0076381,-0.010958,0.016682,-0.024706,0.016292,-0.014598
"citrate",0.057255,-0.054327,-0.019738,-0.013946,0.022033,0.015061,0.040627,-0.014109
"urate",-0.001231,0.011434,-0.0035245,0.0037253,0.035395,0.02355,-0.016424,0.0020689
"oleoyl ethanolamide",-0.02121,-0.016626,-0.013291,0.028196,0.014404,0.019364,-0.054288,-0.009893
"gamma-glutamylglutamine",-0.0488,0.030939,0.022375,-0.043315,0.026591,-0.02874,0.013146,0.0021637
"butyrate/isobutyrate (4:0)",0.080039,-0.014191,-0.084399,-0.042006,0.07455,0.055811,-0.014956,0.10382
"N-acetylneuraminate",0.0056524,-0.016442,-0.00757,0.0081682,-0.0057214,0.0099873,-0.0151,-0.0033285
"isocitrate",-0.0092743,0.010803,-0.011453,0.009786,-0.0088976,-0.0052763,0.024272,0.00021936
"acetylphosphate",0.0021831,0.0094212,0.011204,0.048247,0.010278,0.071711,-0.033192,0.036939
"N-acetyl-glucosamine 1-phosphate",0.018527,-0.020402,0.018589,-0.012274,-0.014503,-0.0029751,-0.027302,0.0093115
"N-acetylglucosamine 6-phosphate",0.035094,-0.020998,-0.03803,0.011394,0.0056777,0.013536,0.0089623,-0.015743
"adenosine 3',5'-diphosphate",0.019657,-0.0036536,0.0081147,0.00251,-0.0017399,-0.0051477,0.0074845,0.0031509
"N-acetylglucosaminylasparagine",-0.012542,0.0048652,0.016722,0.0067012,-0.011961,0.00053618,-0.003292,0.018045
"CDP-choline",-0.0018513,-0.0036416,-0.014126,-0.01175,0.00053742,-0.0021006,-0.0048623,-0.0062625
"creatine",0.0025152,-0.0028327,-0.00060571,-0.00051161,-0.0023201,0.0017246,-0.0037705,0.0034794
"cytidine 5'-monophospho-N-acetylneuraminic acid",-0.023128,0.012328,0.0039262,0.044801,-0.0076802,0.028933,-0.042883,0.019032
"dihomolinoleate (20:2n6)",0.057694,-0.04597,-0.022287,0.043458,-0.063334,0.020711,0.0015825,0.00074303
"fructose 6-phosphate",0.039325,-0.11981,0.20084,-0.099843,-0.023923,0.049401,-0.054003,0.052701
"gamma-glutamylhistidine",0.021509,0.014606,-0.0067387,0.0007096,-0.0067301,0.015645,0.044632,-0.012022
"3-hydroxybutyryl CoA",-0.044785,-0.031021,-0.016095,-0.023143,-0.033471,-0.060889,0.0098128,0.029466
"2-hydroxystearate",0.066722,-0.045179,-0.068552,-0.02368,0.040023,0.023901,-0.056334,0.11327
"1-methyladenosine",0.03137,-0.025488,-0.017723,-0.023886,0.028781,-0.010402,-0.0095966,-0.026756
"5-methyltetrahydrofolate (5MeTHF)",0.016806,-0.016947,-0.018967,0.011696,-0.0081257,0.013532,0.0034245,0.0087808
"glycerol",0.037076,-0.021676,-0.011214,0.012739,-0.026449,0.014449,0.0055491,-0.014419
"choline",0.017298,-0.027198,-0.021084,-0.0096087,0.021402,-0.0092009,0.019857,-0.014148
"12-HHTrE",0.064093,-0.085585,-0.0039679,-0.0066251,0.040795,0.10409,0.030421,-0.088426
"S-adenosylmethionine (SAM)",-0.011153,-0.0062263,-0.0037483,0.0010464,-0.0029756,0.00083237,-0.0038703,0.0098361
"gamma-glutamylleucine",0.00064013,0.0050888,-0.0030334,-0.0066244,-0.011036,-0.019033,0.033978,-0.0049878
"adenylosuccinate",-0.034511,0.025472,-0.0028609,0.0080348,-0.014878,-0.016915,-0.0041163,0.0081196
"NAD+",-0.095527,0.069837,-0.025884,0.033605,0.063798,0.015893,-0.019196,-0.034134
"nicotinamide ribonucleotide (NMN)",-0.085876,0.089607,-0.01751,0.019245,0.041579,-0.0097674,0.010803,0.0033083
"3-methoxytyrosine",-0.0039651,-0.039466,-0.0050239,0.0050017,0.0024342,0.014999,-0.0091169,-0.013061
"S-lactoylglutathione",0.021501,-0.038316,0.038863,0.00014736,0.019592,0.0090466,-0.034963,-0.0029906
"beta-hydroxyisovalerate",9.1261e-05,-0.012042,-0.041103,0.072699,-0.044628,-0.062722,-0.0018494,0.075085
"palmitoyl ethanolamide",0.01579,-0.030988,-0.016254,0.0026936,0.013995,-0.015484,-0.016659,0.00078398
"N-palmitoyl-sphingosine (d18:1/16:0)",0.035776,-0.041844,-0.0094125,-0.0088558,0.00016832,-0.0052282,0.0084318,-0.013451
"1-palmitoyl-2-oleoyl-GPE (16:0/18:1)",0.0086468,0.00072012,0.00011818,-0.00069791,-0.018376,-0.0029537,-0.0047435,0.010074
"1-palmitoyl-2-linoleoyl-GPI (16:0/18:2)",-0.024718,-0.00033088,0.012043,-0.026869,0.021615,-0.030163,0.018143,-0.0052721
"1-palmitoyl-2-linoleoyl-GPC (16:0/18:2)",0.0073624,-0.0074283,0.016487,0.0095088,-0.018756,0.002531,-0.023153,0.029717
"stearoyl sphingomyelin (d18:1/18:0)",-0.0082998,0.00072552,-0.0046128,-0.010957,0.019082,-0.0088915,0.011868,-0.0073207
"1-palmitoyl-2-oleoyl-GPC (16:0/18:1)",-0.0031893,-0.0022643,-0.00047886,0.015723,-0.025694,-0.0030953,-0.00094313,0.019062
"1-palmitoyl-2-linoleoyl-GPG (16:0/18:2)",-0.0027294,-0.0035981,0.0029598,0.022974,-0.013684,-0.0022531,-0.037668,0.033148
"N-stearoyl-sphingosine (d18:1/18:0)*",0.02569,-0.042232,-0.01506,-0.011855,0.012184,-0.030248,0.023784,-0.016999
"biopterin",0.025831,-0.041869,0.042009,-0.01883,0.017105,0.0020732,0.0020155,-0.012082
"taurochenodeoxycholate",0.084338,0.18844,-0.28662,-0.075772,0.10781,0.2519,-0.44763,0.29874
"taurocholate",0.056246,0.093706,-0.069566,-0.028452,0.051938,-0.0233,-0.10067,0.17629
"taurodeoxycholate",0.022827,0.055654,-0.044426,-0.0053803,0.038252,-0.045754,-0.11402,0.13061
"acetylcholine",0.00086495,0.014678,0.048378,0.071344,0.043984,-0.055761,0.027036,0.028408
"acetyl-CoA",-0.11996,0.066024,0.012297,-0.016123,0.011038,0.018045,-0.025763,0.059403
"eicosapentaenoate (EPA; 20:5n3)",0.051593,-0.048663,-0.011872,0.0046916,0.016436,0.028162,0.0047917,-0.013777
"methylsuccinate",-0.014336,-0.0085128,0.0081791,-0.0030164,0.012114,-0.010164,0.0054557,-0.013239
"tricarballylate",-0.00056562,-0.00051149,-0.0014154,-0.0003685,-0.0012272,0.0017143,0.0030993,0.00087834
"ethylmalonate",0.0085149,-0.0052144,0.0082361,-0.011064,0.011847,0.016693,-0.0011743,0.0040388
"carnitine",-0.014053,0.022713,-0.0065998,0.0010179,0.0046577,-0.0063716,-0.00060251,0.010512
"hippurate",-0.0093689,0.019569,-0.049113,-0.035403,-0.01067,0.022387,0.068266,0.055574
"methionine sulfoxide",0.023612,-0.027747,0.020479,0.0090285,-0.018838,-0.011795,0.010652,0.0069175
"3-methylhistidine",0.037314,0.0026184,0.027869,-0.0063305,0.054042,0.0086005,0.026531,0.01643
"anserine",0.043469,0.039213,0.02376,-0.0020404,0.0087595,-0.025202,-0.0042455,0.046998
"5-hydroxylysine",-0.040465,-0.0023055,-0.0028736,-0.0089229,-0.042131,0.034108,0.08881,-0.0042549
"2-phosphoglycerate",-0.058632,0.031203,0.037313,-0.18088,-0.12001,-0.082174,0.0066608,-0.050306
"4-guanidinobutanoate",0.0015916,0.018448,0.014986,-0.014962,0.017075,-0.026415,0.015248,-0.018647
"creatine phosphate",0.0053803,-0.005929,-0.036129,0.01754,0.027856,-0.017773,-0.0017441,-0.0514
"2'-deoxycytidine",0.029118,-0.0074601,-0.0021353,-0.0077671,0.0093897,0.0047328,-0.0050795,-0.0024331
"2'-deoxyinosine",0.028007,-0.012089,-0.03104,-0.0042003,-0.012641,0.040062,-0.012117,0.016924
"3'-dephosphocoenzyme A",-0.056365,-0.013148,0.027753,0.0056449,0.0013786,0.042137,-0.058516,0.036724
"erythrose 4-phosphate",0.076209,-0.13147,0.05692,-0.040679,-0.010716,-0.025611,-0.059512,0.026368
"FMN",-0.0090892,0.0012206,-0.0036357,0.0011885,0.019856,0.012032,-0.0037428,-0.009031
"glucuronate",0.023421,0.0093289,-0.00088445,-0.0034283,0.0061208,0.023986,-0.0058163,0.0085361
"glycerol 3-phosphate",-0.075318,0.071443,0.028754,0.0066921,0.0088405,-0.0058132,-0.031039,0.067462
"imidazole lactate",0.086128,0.070599,0.010552,0.0078153,-0.02541,0.041587,-0.016005,0.018624
"kynurenine",-0.0034569,-0.0064788,0.011476,-0.017666,-0.02299,-0.066203,0.040779,0.015561
"glycerophosphorylcholine (GPC)",-0.041019,0.0083547,0.0067923,-0.01748,0.0061381,0.012501,-0.011439,0.028941
"maltotetraose",0.039107,-0.040767,0.21636,-0.08516,0.058266,-0.059993,-0.091814,0.029649
"maltotriose",-0.066453,-0.031534,0.23793,-0.091854,-0.0082159,-0.052213,-0.014767,0.043914
"N-acetylglutamate",0.0057845,-0.0094169,-0.013791,0.0016322,-0.0016183,-0.014274,0.0052825,-0.013844
"UDP-galactose",-0.046762,0.10155,-0.16786,0.038132,-0.0028609,-0.027658,0.032842,-0.026303
"xanthosine",0.024099,-0.01061,-0.03966,0.0041618,-0.0015139,0.043243,-0.013926,-0.0050755
"galactose 1-phosphate",0.025136,-0.045999,0.058468,-0.05854,-0.047256,0.00041061,0.013235,0.030514
"phosphopantetheine",0.0019315,-0.013612,0.028586,0.02224,0.017097,-0.002686,-0.0062544,0.014756
"6-phosphogluconate",0.051596,-0.036883,0.07338,-0.025442,0.00041135,-0.011891,0.014723,0.017547
"propionyl CoA",-0.018746,-0.0044502,-0.030451,-0.004413,0.034455,0.0055043,0.065701,0.0016826
"ribitol",0.036738,-0.022261,-0.030338,-0.021232,-0.0063142,0.013399,-0.027438,-0.031629
"quinate",-0.012301,-0.0082397,-0.0081444,-0.0015544,-0.011475,-0.0066848,-0.0020261,-0.010572
"mesaconate (methylfumarate)",-0.0090484,0.015128,-0.020397,-0.016577,-0.019187,0.010316,-0.013192,0.017394
"itaconate",-0.017423,-0.0061588,-0.024759,0.0032314,-0.010776,-0.024965,0.017728,0.026362
"homoserine",-0.0054481,0.030022,-0.0091602,0.0048989,0.016142,-0.026811,0.010663,-0.00065169
"indolelactate",-0.020149,-0.012416,0.0073298,-0.010904,-0.024814,0.021622,0.0043023,-0.030424
"3-indoxyl sulfate",-0.002623,-0.039356,0.00021062,-0.066331,0.02056,-0.027871,0.026928,-0.0040787
"2'-deoxyadenosine 5'-monophosphate",0.021291,0.00086111,0.013881,-0.040451,-0.029075,0.021368,-0.028211,0.037648
"glycylvaline",-0.0045784,-0.015973,-0.0096405,-0.0006587,-0.0065966,0.0075738,-0.023091,0.023004
"gamma-glutamylphenylalanine",-0.0028425,0.0041015,0.00051151,0.010937,0.017688,-0.0060441,0.018401,-0.039332
"1,5-anhydroglucitol (1,5-AG)",0.013282,0.011352,0.0094368,-0.032253,0.015243,-0.0029652,-0.0013305,-0.020023
"2-arachidonoylglycerol (20:4)",-0.057086,0.030415,0.0026298,0.054884,0.00051489,0.028874,-0.032681,-0.005033
"1-palmityl-GPC (O-16:0)",0.030715,-0.012896,0.017749,0.011925,0.060298,-0.015862,0.023192,0.043679
"1-stearoyl-2-arachidonoyl-GPI (18:0/20:4)",-0.0022431,0.0024377,-0.00027422,0.00038392,0.0016605,-0.0039346,0.0063611,-0.0093182
"sphingosine 1-phosphate",-0.041345,0.0014627,-0.011076,0.02458,0.032711,-0.074946,0.026915,-0.024581
"1-oleoyl-GPS (18:1)",-0.0058331,0.01163,0.042173,0.013135,0.023265,0.046076,-4.6465e-05,-0.018219
"1-stearoyl-2-oleoyl-GPS (18:0/18:1)",-0.015624,-0.004368,0.020687,-0.01021,0.018832,-0.012141,0.01037,-0.047412
"1-palmitoyl-2-oleoyl-GPG (16:0/18:1)",-0.003396,-0.00040105,-0.0046581,-0.0031308,0.019484,-0.017337,0.0044991,-0.014575
"1-stearoyl-2-linoleoyl-GPS (18:0/18:2)",0.018021,-0.012963,-0.0048904,-0.054781,-0.029503,-0.0025936,-0.027515,-0.0028903
"1,2-dipalmitoyl-GPG (16:0/16:0)",0.0096066,0.026675,0.012762,0.018767,0.035573,-0.058744,-0.0061577,0.022369
"1-stearoyl-GPI (18:0)",0.042636,-0.039141,-0.021777,0.016053,-0.01323,-0.00092801,-0.013986,-0.035785
"1,2-dipalmitoyl-GPC (16:0/16:0)",-0.0054219,-0.0019382,-0.0028382,-0.010951,0.021032,-0.015827,0.0013273,-0.0086461
"1,2-distearoyl-GPC (18:0/18:0)",0.020572,0.0063441,-0.054588,-0.026348,0.0024483,-0.031435,-0.014546,-0.038838
"docosahexaenoate (DHA; 22:6n3)",0.076187,-0.056589,-0.040302,0.022358,0.004321,0.016628,0.027969,-0.014735
"1-myristoyl-2-palmitoyl-GPC (14:0/16:0)",-0.012716,-0.0042305,0.002089,-0.0093854,0.010112,-0.012396,-0.0090562,0.0092308
"maleate",-0.024715,-0.021339,-0.011303,0.006502,0.0038368,-0.013317,0.0061163,-0.0083449
"1-methylguanidine",0.020427,-0.0074413,0.0016578,0.012474,-0.0062071,-0.0043908,-0.012698,0.010084
"2-hydroxyoctanoate",0.045284,-0.014608,-0.010837,-0.039932,-0.051302,-0.029365,0.055469,0.029294
"5-methylcytidine",0.060366,-0.057933,0.0069423,-0.037276,0.0019541,-0.028417,-0.023776,0.011875
"3-hydroxyoctanoate",0.013025,0.01598,-0.01918,0.011738,-0.018967,-0.010141,0.0090568,-0.045703
"phenyllactate (PLA)",0.0048584,0.026855,0.044573,0.0060514,-0.00037178,-0.034495,0.0083712,-0.023033
"palmitoylcarnitine (C16)",-0.022844,0.065675,-0.018885,0.040643,-0.0053855,-0.033443,0.043366,-0.087712
"hexanoylcarnitine (C6)",-0.10143,0.10994,-0.0091289,0.012526,0.020043,-0.0066188,-0.022458,0.0061723
"N-acetylaspartate (NAA)",-0.005719,-0.0077202,0.020864,0.018107,0.04417,-0.019262,-0.0019432,-0.0012044
"acetylcarnitine (C2)",0.064692,-0.016941,-0.026197,0.00032364,0.0090429,-0.020665,0.019228,-0.011365
"1-palmitoylglycerol (16:0)",-0.019801,0.016497,-0.0094774,0.047841,-0.016085,0.0004987,-0.079764,-0.043424
"tartronate (hydroxymalonate)",0.0078822,-0.0016891,0.0019272,0.005791,0.0012924,0.016865,-0.0010363,-0.012854
"oxalate (ethanedioate)",0.0046443,0.0010503,0.0030017,0.0012883,0.0075019,-0.0039227,-0.0043855,-0.0020539
"bicine",0.038978,0.019158,0.042132,-0.06243,-0.01489,0.038679,0.023223,0.014499
"trizma acetate",-0.043923,-0.056222,-0.12206,0.028929,-0.0017596,0.22827,0.051487,-0.08826
"3-hydroxymyristate",-0.012258,-0.0026345,0.0071414,0.053006,-0.0771,0.012498,0.024679,-0.0585
"1-oleoylglycerol (18:1)",-0.0078086,0.010753,-0.020027,0.013938,-0.047854,-0.015455,-0.03685,-0.044325
"2-oleoylglycerol (18:1)",-0.049858,0.024921,-0.0057418,0.038388,-0.026705,0.014309,-0.071509,-0.030045
"homoarginine",-0.015796,-0.07957,0.026054,0.0018295,-0.059294,-0.0089089,-0.08578,0.026752
"homocitrulline",0.018557,0.0088596,-0.0031705,-0.025049,-0.034673,-0.0074792,0.032442,-0.020244
"alpha-glutamylglutamate",0.018155,-0.027949,-0.0049624,-0.0033213,0.0012896,0.0073212,0.0066752,0.0070382
"glycylproline",0.033937,-0.028841,-0.010299,0.0012586,-0.012054,0.015377,-0.012346,0.017267
"3-hydroxypalmitate",0.0013541,-0.0048664,-0.0062902,0.063577,-0.10676,0.01891,0.018409,-0.040808
"2-linoleoylglycerol (18:2)",-0.05549,0.030043,-0.0056363,0.034921,-0.030189,0.019716,-0.059394,-0.01776
"3-hydroxydecanoate",0.0048958,0.001984,0.0032848,0.026694,-0.046891,-0.010683,0.037391,-0.074277
"N-acetylglycine",0.0057998,0.0070656,-0.0074744,-0.017926,0.026369,-0.031922,0.029571,-0.0062793
"ribonate",0.022785,-0.01571,0.0023343,-0.0012292,0.0040638,0.012377,0.005118,-0.0073918
"threonate",-0.016777,0.011724,0.012955,0.0054552,-0.0017655,0.019546,-0.017716,0.0094816
"galactonate",0.018153,-0.0047775,0.0011482,-0.0083631,-0.0052334,0.0020297,-0.0012527,-0.018445
"1-linoleoylglycerol (18:2)",-0.036959,0.026455,-0.018662,0.0349,-0.019493,0.0090956,-0.047324,-0.036597
"2-palmitoylglycerol (16:0)",-0.039373,0.036608,-0.0051408,0.044665,-0.039259,-0.0097472,-0.058229,-0.0050678
"1-methylhistidine",0.096539,0.031821,0.013247,-0.0085813,0.038749,-0.012254,0.0025028,-0.0055004
"butyrylcarnitine (C4)",-0.10494,0.13019,0.0005559,0.0063777,0.018912,-0.025285,-0.0066405,0.017718
"beta-muricholate",0.035895,0.076306,-0.037437,-0.029899,-0.084161,-0.040565,-0.030336,0.11759
"indolepropionate",0.0073155,-0.0046524,-0.0019876,0.00041712,-0.0028467,-0.0047503,0.0027376,-0.00095791
"trigonelline (N'-methylnicotinate)",0.019719,-0.0027277,-0.0054089,-0.02776,-0.02629,-0.052174,0.035347,-0.025668
"dodecanedioate (C12)",0.014903,-0.020544,-0.012456,0.061806,0.0050925,-0.051938,-0.010278,0.065199
"glutamate, gamma-methyl ester",0.0011219,-0.0074253,0.016862,-0.0090808,-0.0005262,0.016061,-0.0079036,-0.0070698
"N-acetyltyrosine",-0.036158,0.015993,-0.0088244,0.096097,-0.15466,0.1249,0.022711,0.068875
"3-hydroxylaurate",-0.0044696,0.0017266,0.012347,0.038035,-0.073847,-0.0030642,0.043317,-0.067541
"pyridoxate",0.052712,-0.012058,-0.037518,-0.061127,0.020613,-0.019676,-0.045971,0.0058875
"histidine methyl ester",-0.049366,0.0089971,0.01106,-0.0053598,0.02088,-0.017491,0.0080485,-0.0095493
"gamma-glutamylvaline",0.018793,0.012571,-0.019713,-0.031179,-0.011557,-0.010609,0.013967,-0.019855
"3-hydroxyglutarate",0.0093447,-0.00034221,0.011525,0.031531,0.0041117,0.0096279,-0.020086,0.0079751
"butyrylglycine (C4)",0.014333,0.021414,-0.044928,0.029524,0.055702,0.025024,-0.035741,0.017139
"2-hydroxyadipate",0.0037034,-0.015875,-0.021114,0.032252,0.032965,-0.0084208,0.013181,-0.055776
"propionylcarnitine (C3)",-0.042789,0.029089,-0.034268,0.011409,0.060183,-0.033041,0.00083019,-0.0026078
"3-hydroxy-2-ethylpropionate",0.13337,0.043592,0.087426,-0.018135,0.03766,-0.021282,-0.01326,0.013058
"docosapentaenoate (DPA; 22:5n3)",0.094936,-0.058881,-0.025959,0.015975,0.0011472,0.020994,0.013793,-0.0094825
"docosadienoate (22:2n6)",0.047046,-0.035488,-0.01499,0.050048,-0.045266,0.038451,-0.01324,-0.0078616
"adrenate (22:4n6)",0.067671,-0.029854,-0.025257,0.016206,-0.021317,-0.0021443,0.020044,-0.0074113
"docosatrienoate (22:3n3)",0.068738,-0.035021,-0.0041076,0.032452,-0.041112,0.013079,0.0011113,0.014835
"10-undecenoate (11:1n1)",0.014329,-0.021433,0.014083,0.0079573,-0.025519,0.02891,0.022828,-0.020351
"myristoleate (14:1n5)",0.024855,-0.010032,-0.021227,0.04902,-0.059866,0.01436,0.017129,-0.041649
"1-methylhistamine",0.037867,-0.024817,0.01711,0.019983,0.014917,0.0036237,-0.013508,-0.02481
"4-imidazoleacetate",0.050796,0.050403,-0.0043131,-0.0086234,-0.0058188,0.020473,-0.0007103,0.040611
"1-methyl-4-imidazoleacetate",-0.0066823,-0.0085472,-0.0036106,-0.018008,0.014804,-0.063667,-0.0028977,-0.023414
"sebacate (C10-DC)",0.019818,0.0056922,0.021679,-0.010214,-0.012744,0.0048161,-0.0014289,0.052451
"stearidonate (18:4n3)",0.018482,-0.022324,0.031836,0.041168,-0.036325,-0.0019762,-0.023607,-0.053428
"5-dodecenoate (12:1n7)",-0.0019872,-0.00098906,-0.040703,0.034055,-0.0020534,0.015894,0.0055015,-0.040835
"octanoylcarnitine (C8)",-0.083068,0.095242,-0.0082364,0.033596,0.021396,-0.0093785,0.0028741,-0.0035899
"tauro-beta-muricholate",0.091794,0.1355,-0.078533,-0.031739,0.022841,-0.092335,-0.10735,0.19164
"decanoylcarnitine (C10)",-0.049009,0.077518,-0.016625,0.051413,0.011586,-0.020299,0.034372,-0.037526
"N-acetylglutamine",0.022007,0.0030297,-0.012182,-0.0012601,0.00096163,0.014965,0.013161,0.013255
"N-acetyltryptophan",-0.020151,0.057784,0.02426,0.019467,-0.030432,0.020013,0.0059423,-0.01635
"N-acetylphenylalanine",-0.021305,0.030481,-0.0050714,0.0407,-0.083976,0.040668,0.019823,0.011417
"N-acetylasparagine",0.017913,-0.0012454,0.01233,-0.0096167,-0.0077569,-0.0013976,0.028883,-0.0022387
"glycylleucine",0.036211,-0.035183,-0.00047375,-0.0029181,-0.015898,0.01734,-0.021961,0.030607
"S-methylglutathione",-0.022331,0.012824,0.0019926,-0.0086057,0.031483,0.0059057,-0.010541,-0.001169
"gamma-glutamyl-epsilon-lysine",0.01953,-0.016273,0.0040032,-0.0045887,0.019654,0.0018216,0.027422,-0.016105
"1-palmitoyl-GPC (16:0)",0.035865,-0.018795,-0.00029475,-0.0059639,0.01215,-0.020916,0.0083826,0.0071689
"N-acetylarginine",0.016501,0.0075695,0.007795,-0.004658,-0.021015,0.022349,-0.023076,0.0017392
"myristoylcarnitine (C14)",-0.042898,0.078382,-0.035822,0.044276,-0.024237,-0.04293,0.055026,-0.1004
"1-stearoyl-GPC (18:0)",0.026156,-0.023907,0.00072278,-0.00084407,0.010676,-0.0040109,0.006177,-0.0040674
"1-oleoyl-GPC (18:1)",0.063293,-0.03425,-0.0048494,0.013664,-0.0024194,-0.018051,0.0066031,-0.0044766
"N-acetylthreonine",-0.0044716,0.015757,-0.0057954,0.021946,0.0035802,0.0084852,-0.0081536,-0.00052889
"phenylacetylglycine",0.05831,-0.0053542,0.013593,-0.048534,0.041049,-0.10257,0.0092965,0.0465
"N-acetylisoleucine",0.0044006,-0.018968,-0.0051174,0.0044778,0.0035393,-0.048552,-0.046048,-0.012834
"10-nonadecenoate (19:1n9)",0.059747,-0.041063,-0.020709,0.038071,-0.057667,0.011378,-0.0085292,-0.00013483
"10-heptadecenoate (17:1n7)",0.062872,-0.033894,-0.023705,0.037305,-0.053951,0.0083963,-0.028034,-0.004504
"N-acetylhistidine",0.013249,0.0073794,-0.0056903,-0.0017886,-0.011349,0.0041048,0.045868,0.010915
"stachydrine",0.01311,-0.032195,-0.039967,0.0071625,0.030507,-0.070417,0.12167,0.056728
"alpha-hydroxyisovalerate",0.12565,0.054803,0.057492,0.0058642,0.035455,-0.014323,0.012232,0.0099668
"nicotinamide riboside",-0.021538,0.026058,-0.033534,0.020208,0.025009,0.005182,0.00070479,-0.014556
"ophthalmate",-0.025155,-0.02189,-0.0040655,-0.039895,0.056425,-0.052636,0.036485,0.0029119
"gamma-glutamylthreonine",-0.026824,-0.0053615,0.0063945,-0.015898,-0.020936,0.010228,0.025897,-0.00080075
"p-cresol sulfate",0.060245,-0.021011,0.10195,-0.086793,0.1516,-0.15979,-0.088895,-0.065307
"erythronate*",0.044273,-0.018242,-0.0013168,-0.0069666,0.0097834,-0.0010354,0.0049375,-0.014577
"eicosenoate (20:1n9 or 1n11)",0.05647,-0.040811,-0.021978,0.059491,-0.06475,0.01883,-0.0081902,-0.0029057
"linolenate (18:3n3 or 3n6)",0.037375,-0.020351,-0.012638,0.043793,-0.081444,-0.0046346,-0.0051022,-0.0070754
"aconitate [cis or trans]",0.075086,-0.19362,0.040665,0.09934,0.15654,-0.019784,0.1088,-0.060109
"1-myristoyl-GPC (14:0)",0.038969,-0.028279,0.00083129,-0.015628,0.040825,-0.022161,-0.01366,-0.0032472
"1-arachidoyl-GPC (20:0)",0.057043,-0.0012637,0.023727,-0.0015615,0.016098,0.0033611,0.031713,0.012819
"heme",0.0045643,0.026262,0.027194,-0.05361,0.055202,0.0044391,0.029845,-0.041499
"stearoylcarnitine (C18)",-0.045302,0.06764,-0.020395,0.016481,0.010324,-0.0085723,0.021778,-0.043889
"laurylcarnitine (C12)",-0.053733,0.082678,-0.025372,0.047812,-0.006712,-0.035121,0.042505,-0.064362
"isovalerylcarnitine (C5)",-0.055924,0.059878,-0.043741,0.024901,0.028868,-0.033546,0.0093552,0.013107
"1-linoleoyl-GPC (18:2)",0.04615,-0.025345,0.014614,0.0070801,-0.008998,-0.00017785,-0.00499,-0.00047948
"CDP-ethanolamine",-0.0067179,-0.003347,0.00108,-0.013441,-0.0032667,-0.0027585,-0.02246,-0.013411
"2-myristoylglycerol (14:0)",-0.063271,0.031622,0.0097938,0.030723,-0.032462,0.027344,-0.052729,-0.027524
"N6-carbamoylthreonyladenosine",-0.0030878,-0.0082804,0.0067617,0.027426,-0.016307,0.026769,-0.018731,-0.019161
"orotidine",0.036273,-0.0072646,0.0016646,0.0050409,-0.0078041,0.016225,-0.020157,-0.001677
"taurocyamine",-0.031794,-0.019241,0.0074288,0.038751,-0.075105,0.055051,-0.03353,-0.0062995
"5,6-dihydrouridine",0.023692,0.011709,-0.009851,-0.032465,0.034565,-0.010347,0.0061236,-0.013843
"1-margaroylglycerol (17:0)",-0.024763,0.027651,-0.014773,0.014066,-0.035974,0.095623,-0.11457,-0.047453
"1-pentadecanoylglycerol (15:0)",-0.010337,0.019604,0.043324,-0.014035,-0.03251,-0.0033845,-0.0071561,-0.093856
"1-arachidonylglycerol (20:4)",-0.036021,0.024236,-0.0072577,0.038614,0.007553,0.011699,-0.021676,-0.022941
"1-linolenoylglycerol (18:3)",-0.043442,0.028174,-0.0089907,0.028282,-0.017597,0.0072989,-0.0355,-0.031896
"cysteine-glutathione disulfide",0.022315,-0.0091281,-0.056567,0.033327,-0.015277,0.017983,0.002049,-0.028536
"5-methyluridine (ribothymidine)",0.022793,-0.066633,-0.012908,-0.0039121,-0.007026,-0.0049421,-0.022762,-0.020093
"3'-AMP",0.046675,-0.026124,-0.0050993,0.031726,0.027488,-0.0021745,-0.0033263,-0.020612
"isovalerylglycine",0.045456,0.029184,-0.02379,0.0049564,-0.040223,0.0014539,-0.02635,0.014366
"7-methylguanine",-0.0019063,0.00079248,-0.018879,-0.035254,-0.0055159,-0.0036225,-0.042253,0.0041038
"1-stearoyl-GPE (18:0)",0.067339,-0.057514,-0.019474,0.01231,0.0071663,-0.003214,-0.0083729,-0.014934
"1-stearoyl-GPG (18:0)",0.058199,-0.036114,-0.031972,0.036089,-0.026463,0.026403,-0.014823,-0.01591
"N1-methyl-2-pyridone-5-carboxamide",-0.014825,0.03189,-0.019063,-0.056459,-0.0010185,-0.029347,0.017486,-0.0092802
"N1-methyl-4-pyridone-3-carboxamide",0.020342,0.018452,-0.008118,-0.051941,0.0056289,-0.040227,0.027583,-0.015532
"mead acid (20:3n9)",0.067769,-0.029197,-0.036491,0.025569,-0.011558,0.0058613,0.017962,-0.016081
"1-docosahexaenoylglycerol (22:6)",-0.03582,0.019334,-0.034303,0.012075,0.025309,0.011017,0.0019639,-0.016699
"1-dihomo-linoleoylglycerol (20:2)",-0.043885,0.010307,-0.0035846,0.0086624,-0.04468,0.0060222,-0.0012207,-0.0077278
"gamma-glutamylisoleucine*",0.025452,0.020436,-0.0062655,-0.010469,-0.012732,-0.010661,0.02568,-0.004613
"N-glycolylneuraminate",0.019847,0.029638,0.010788,0.012221,0.0069926,-0.035996,0.023861,0.0099408
"pantetheine",-0.0046302,-0.010529,0.01492,0.038461,0.011273,-0.0037911,-0.025698,0.013355
"oleoylcarnitine (C18:1)",-0.024438,0.075759,-0.025067,0.036714,-0.02024,-0.038915,0.052926,-0.063532
"4-hydroxybutyrate (GHB)",0.037553,-0.029071,-0.00062854,-0.045234,0.016059,-0.02689,-0.043645,0.059498
"2-methylbutyrylcarnitine (C5)",-0.0096951,0.035796,-0.045636,0.00963,-0.025991,-0.010051,0.05031,-0.003608
"phenol sulfate",0.09983,-0.015877,0.049187,-0.089797,0.065735,-0.031149,0.16076,0.037467
"1-palmitoleoyl-GPC (16:1)*",0.05211,-0.032602,0.00075815,-0.0052262,0.034105,-0.03571,-0.0018601,-0.0073226
"malonylcarnitine",0.0092319,0.019226,-0.021092,0.006388,0.031904,-0.03829,0.01679,-0.01099
"hexanoylglycine (C6)",0.030217,0.018937,-0.057879,-0.031917,0.021569,0.030191,-0.073311,0.019202
"glutamine_degradant*",0.063208,0.10401,0.22138,-0.3278,0.00251,0.22015,0.10113,-0.26408
"2-hydroxy-3-methylvalerate",0.11314,0.035584,0.078968,0.011808,0.064099,-0.013412,0.05794,0.015494
"homostachydrine*",-0.0052424,-9.1255e-05,-0.0069977,-0.00051461,0.016566,-0.0031942,0.014959,-0.0020597
"1-arachidonoyl-GPC (20:4n6)*",0.050835,-0.019763,-0.0063037,0.04395,-0.033299,0.021922,-0.019092,-0.02712
"1-dihomo-linolenoyl-GPC (20:3n3 or 6)*",0.098605,0.028025,-0.0026916,0.020738,-0.038421,-0.023081,-0.031029,-0.025383
"1-eicosadienoyl-GPC* (20:2)*",0.071526,-0.032445,-0.066628,0.0029869,0.051625,-0.054714,0.087716,0.066526
"2-palmitoleoyl-GPC (16:1)*",0.0024204,0.030867,0.029265,0.020806,-0.013322,0.038309,-0.012527,0.037006
"2-palmitoyl-GPC (16:0)*",0.037341,-0.009583,-0.012499,0.01868,-0.028731,-0.0083381,-0.0044705,-0.023471
"2-myristoyl-GPC (14:0)*",-0.014228,0.012978,0.026825,-0.023833,0.029165,-0.035372,-0.02418,0.035776
"1-docosahexaenoyl-GPC (22:6)*",0.052658,-0.025142,-0.036671,0.025203,-0.012195,-0.01575,0.0081795,-0.04656
"1-palmitoyl-GPE (16:0)",0.057275,-0.05166,-0.018364,-0.0053577,0.0058109,-0.012035,0.007867,-0.0020609
"1-oleoyl-GPE (18:1)",0.066726,-0.049295,-0.010479,0.02295,-0.0098223,0.00061706,-0.011763,-0.0044276
"1-linoleoyl-GPE (18:2)*",0.062182,-0.044668,0.0012246,0.025497,-0.016199,-0.0038696,-0.025799,0.0055531
"1-arachidonoyl-GPE (20:4n6)*",0.048828,-0.022639,-0.0028352,0.057303,-0.027749,0.03193,-0.01754,-0.013413
"docosapentaenoate (n6 DPA; 22:5n6)",0.084634,-0.038813,-0.032782,0.015015,0.0064575,0.011148,0.032482,-0.018958
"gulonate*",0.013347,0.0082811,-0.026438,0.0086646,0.001432,0.030583,-0.015217,-0.0037381
"beta-hydroxyisovaleroylcarnitine",-0.0025562,0.001246,-0.011166,-0.012205,-0.0073858,-0.0097733,0.023372,-0.0076078
"2-methylmalonylcarnitine (C4-DC)",-0.011736,0.0034483,0.011144,0.0058163,0.0077349,-0.015711,0.0010566,0.011233
"tiglyl carnitine (C5)",-0.022309,0.002645,-0.03725,0.012949,-0.013362,-0.016074,0.048918,0.022095
"catechol sulfate",0.005254,0.0083959,0.025939,-0.013816,0.010336,0.011042,0.013334,-0.00096103
"cholesterol sulfate",0.013432,-0.0075591,0.024444,0.0040311,-0.014415,0.022547,-0.017714,-0.0060836
"7-HOCA",-0.075602,-0.029077,-0.035863,0.024037,0.020414,-0.0010805,0.004554,-0.027559
"N-acetyl-aspartyl-glutamate (NAAG)",0.11378,0.0014147,-0.028886,-0.020553,-0.018819,0.061215,-0.022737,-0.016915
"tetradecanedioate (C14)",0.018212,-0.017751,0.0042244,0.034738,-0.0050481,-0.0047537,0.026569,-0.0079035
"hexadecanedioate (C16)",-0.017263,-0.0006362,0.021639,0.034585,-0.048222,0.0018832,-0.0017609,0.0064782
"1-myristoylglycerol (14:0)",-0.018819,0.01222,-0.022405,0.025474,-0.034256,0.002105,-0.030628,-0.048381
"glycerophosphoglycerol",-0.027939,-0.0040355,-0.010652,-0.0059685,0.0067583,0.027513,-0.015914,0.03354
"glycerophosphoethanolamine",-0.03068,0.0019914,-0.0054796,-0.013614,0.0013576,0.022264,-0.011666,0.022437
"glycerophosphoinositol*",0.016135,-0.015548,-0.0023932,0.028173,0.018435,0.0068539,-0.035422,0.055226
"sedoheptulose-7-phosphate",0.084523,-0.060814,0.026756,-0.013396,-0.0040114,0.027206,-0.0092576,-0.017977
"1-arachidonoyl-GPI (20:4)*",0.04273,-0.037203,-0.007509,0.031615,-0.018337,0.01445,-0.011058,0.0010123
"1-palmitoyl-GPI (16:0)",0.037915,-0.040675,-0.012732,-0.00050283,0.003656,-0.02357,0.0089317,-0.027381
"deoxycarnitine",0.0036127,-0.016311,0.0024945,-0.0059688,0.015815,-0.0058038,-0.010323,0.0014432
"N6-succinyladenosine",-0.033755,0.0032081,-0.01585,0.023227,-0.005705,-0.011378,-0.01576,-0.0002972
"1-ribosyl-imidazoleacetate*",0.04059,0.043441,-0.024746,-0.014893,-0.03618,-0.0067107,-0.0183,0.025592
"2'-AMP",0.13624,-0.098994,-0.038268,0.057828,0.040075,-0.030632,0.078592,-0.020165
"3,4-dihydroxybutyrate",0.046544,-0.1193,0.1153,-0.0082539,-0.0092157,0.083056,-0.042814,-0.062399
"N6-acetyllysine",-0.00065016,-0.0010075,-0.00070396,-0.021385,0.012115,-0.020959,-0.0024689,-0.012829
"dihomolinolenate (20:3n3 or 3n6)",0.078327,-0.042085,-0.026818,0.040491,-0.031602,0.026168,0.0038396,0.015039
"mannitol/sorbitol",0.020534,-0.023125,-0.002052,-0.012966,0.029171,-0.0042641,0.0082683,-0.0056981
"N6-carboxymethyllysine",-0.028161,-0.024681,0.0098862,0.00074414,-0.0044895,0.022323,-0.014482,-0.0089015
"1-oleoyl-GPI (18:1)",0.042776,-0.053723,-0.010929,0.015141,0.00951,-0.020901,-0.01518,-0.011897
"1-linoleoyl-GPI* (18:2)*",0.046374,-0.044508,-0.011818,0.022394,-0.026981,0.0025816,-0.01765,0.0028887
"1-palmitoleoyl-GPE (16:1)*",0.0417,-0.042291,-0.015264,0.0063154,0.0079626,0.018849,-0.023927,-0.014641
"1-palmitoleoyl-GPI (16:1)*",0.039386,-0.014092,-0.0019812,0.016907,-0.0045417,0.0056321,-0.013475,-0.016312
"methylphosphate",-0.01095,-0.012687,0.013393,0.00079097,0.01048,-0.0039123,-0.025964,-0.0026404
"dimethylarginine (ADMA + SDMA)",0.014691,-0.019205,-0.0081833,-0.018195,0.010485,0.00086961,0.0093397,-0.00047109
"N-acetylserine",0.028076,-0.0053847,0.0067808,-0.015639,0.016697,0.027823,-0.069795,-0.00086869
"1-stearoyl-2-oleoyl-GPE (18:0/18:1)",0.0095437,0.0066453,0.0043244,0.0022689,-0.027773,-0.013835,0.027757,-0.0022871
"1-stearoyl-2-oleoyl-GPG (18:0/18:1)",-0.0039947,0.0042809,-0.015923,-0.0063186,0.0031424,-0.011324,0.0061248,-0.017278
"1-stearoyl-2-arachidonoyl-GPC (18:0/20:4)",0.0025159,-0.0036525,0.0074214,0.0046132,-0.0076477,0.0079286,0.00027461,0.00094398
"1-palmitoyl-2-linoleoyl-GPE (16:0/18:2)",0.011848,-0.013603,0.0084107,0.0014769,-0.027359,-0.0013405,-0.026712,0.032294
"1-stearoyl-2-arachidonoyl-GPS (18:0/20:4)",0.0021302,0.0021796,-0.00088889,-0.0089864,0.026124,-0.0077199,0.020321,-0.014291
"1-stearoyl-2-docosahexaenoyl-GPS (18:0/22:6)*",-0.012268,0.0068464,-0.0031298,-0.010141,0.013858,-0.020191,0.012456,-0.014974
"succinylcarnitine (C4-DC)",-0.065296,0.022918,0.031647,0.12683,-0.2663,0.1198,-0.039163,0.16044
"1-docosahexaenoyl-GPE (22:6)*",0.03125,-0.031095,-0.022415,0.0014621,0.010822,0.012938,0.0010834,-0.030289
"2-hydroxyglutarate",0.0061424,-0.012677,-0.012412,-0.0053476,0.015267,-0.0064894,-0.006382,0.0036017
"O-methyltyrosine",-0.026038,0.0022143,0.021665,-0.0075397,-0.0072253,0.0037462,0.004878,0.02151
"N-acetyl-beta-alanine",0.01731,-0.0036106,-0.0073533,0.01471,-0.0087689,-0.018272,0.0037633,-0.024057
"sphingomyelin (d18:1/18:1, d18:2/18:0)",-0.013952,0.0043823,-0.0073748,-0.0040285,0.014797,-0.015756,0.0075803,0.0051957
"palmitoyl sphingomyelin (d18:1/16:0)",-0.0032951,-0.0036677,2.036e-05,-0.0020932,0.0055693,-0.0096646,0.010032,0.0028909
"ergothioneine",0.028165,0.060263,-0.04021,0.082385,-0.076811,0.11372,-0.023438,0.02979
"12-HETE",0.13217,-0.079641,-0.0072736,-0.007086,0.027677,0.063143,0.006886,-0.00013666
"1-margaroyl-GPE (17:0)*",0.073762,-0.066018,-0.020599,0.01745,-0.0093144,-0.023959,0.011328,-0.037435
"1-pentadecanoyl-GPC (15:0)*",0.043702,-0.033882,0.039706,0.01321,0.034006,-0.021718,0.01972,0.022496
"Isobar: hexose diphosphates",0.041629,-0.16374,0.19106,-0.094829,0.012392,0.014214,-0.076436,0.046304
"13-HODE + 9-HODE",0.04806,-0.038137,-0.044298,0.036554,-0.050307,-0.0083187,0.035608,-0.033533
"4-cholesten-3-one",-0.014791,-0.024524,0.011185,0.011835,-0.013991,-0.02112,0.015087,-0.0026105
"stearoyl ethanolamide",0.00046794,-0.032113,-0.0085199,-0.0021065,0.010016,-0.0046615,-0.020631,-0.0062501
"cis-4-decenoylcarnitine (C10:1)",-0.066032,0.015205,0.034728,-0.012085,0.10002,-0.080065,0.076933,-0.072607
"2S,3R-dihydroxybutyrate",0.10123,0.048152,0.039596,-0.019419,0.075742,-0.025585,0.0084052,0.011702
"2,4-dihydroxybutyrate",0.079488,0.053577,0.025176,0.010759,0.013667,-0.03558,-0.0038696,-0.0013287
"(16 or 17)-methylstearate (a19:0 or i19:0)",0.046206,-0.042193,-0.0057485,0.055085,-0.069377,0.041954,-0.026436,-0.023078
"2R,3R-dihydroxybutyrate",0.056221,0.014246,0.047575,-0.024208,0.062808,-0.030298,0.0049439,-0.022593
"2,3-dihydroxyisovalerate",0.049172,-0.0074847,0.028088,-0.011551,-0.0029342,-0.019209,0.038008,0.013217
"3-methylglutaconate",-0.010346,-0.022067,0.016159,0.032184,0.00089032,0.050496,0.046592,0.020827
"5-(galactosylhydroxy)-lysine",0.015716,-0.010064,-0.0094659,-0.0043425,-0.0031082,0.011538,-0.015635,-0.0030453
"2-arachidonoyl-GPI (20:4)*",0.028364,-0.035951,-0.011522,0.035947,-0.031966,0.029194,-0.018217,0.0054728
"formiminoglutamate",-0.049915,0.0050172,-0.081448,-0.064111,-0.04229,0.0027637,0.038711,0.038411
"sulfate*",0.0096488,0.0041086,-0.0052413,-0.0014449,-0.002227,-0.0088719,0.016906,0.010947
"4-hydroxyglutamate",0.010346,0.00017997,-0.0017802,-0.042165,0.082482,0.064393,0.0036497,0.039477
"sedoheptulose",0.062056,-0.078566,0.071205,0.020281,0.0043199,-0.013487,-0.050162,-0.00093262
"S-methylcysteine",0.0082245,-0.012479,-0.020003,-0.012418,0.070069,-0.06264,0.053906,-0.027994
"nicotinamide N-oxide",0.039667,0.054175,-0.025993,0.018272,-0.023609,0.013737,0.0015613,-0.032509
"2-oxoarginine*",0.0050411,0.011919,-0.023419,-0.0042248,0.0072346,0.019556,-0.019798,0.019946
"1-behenoyl-GPC (22:0)",0.0089262,-0.024624,0.017188,0.020139,0.004307,0.01644,-0.0091916,-0.021844
"1-adrenoyl-GPC (22:4)*",-0.09046,0.097127,0.029187,0.024811,-0.042854,0.012572,-0.01338,0.070633
"1-lignoceroyl-GPC (24:0)",-0.0013595,0.0045919,0.0096345,0.0010131,-0.0088637,0.01774,-0.003393,-0.018606
"1-(1-enyl-palmitoyl)-GPC (P-16:0)*",0.068946,-0.047491,-0.014499,0.0091175,0.036055,-0.033522,0.013064,-0.032066
"1-methyl-5-imidazoleacetate",0.049934,0.026385,0.033814,0.0043354,0.068737,-0.0041601,-0.028995,0.027267
"tauroursodeoxycholate",0.029538,0.061048,-0.068,-0.01683,-0.017748,0.018027,-0.077685,0.10151
"(14 or 15)-methylpalmitate (a17:0 or i17:0)",0.044277,-0.026014,-0.00078918,0.050125,-0.089028,0.0258,0.0052591,-0.0058886
"16-hydroxypalmitate",-0.014536,-0.0064736,0.030667,0.055174,-0.092526,0.015516,0.025984,-0.0083621
"UDP-N-acetylglucosamine/galactosamine",-0.012945,-0.0013152,0.0095902,-0.011071,0.010584,-0.0021593,-0.0096526,0.007209
"oleoyl-linoleoyl-glycerol (18:1/18:2) [1]",-0.0065339,0.023124,-0.011166,-0.014985,-0.006267,-0.030402,-0.019573,-0.0017264
"oleoyl-linoleoyl-glycerol (18:1/18:2) [2]",-0.020466,0.018106,0.0006068,-0.021326,-0.02184,-0.016061,-0.024676,0.0051425
"1-(1-enyl-palmitoyl)-GPE (P-16:0)*",0.055353,-0.048963,-0.029782,0.0069445,0.013569,0.0011763,-0.0025684,-0.0067744
"1-(1-enyl-stearoyl)-GPE (P-18:0)*",0.043298,-0.046241,-0.030761,0.016597,0.008721,0.02067,-0.0065071,-0.011309
"2-palmitoleoyl-GPI (16:1)*",0.011906,-0.013216,0.0025519,0.014562,-0.028289,0.011234,-0.0092759,-0.0017389
"2-stearoyl-GPI (18:0)*",0.049978,-0.03093,-0.032931,0.043483,0.003716,0.015756,-0.0087082,-0.045123
"N-oleoyltaurine",0.020855,0.0083845,-0.01266,0.043077,-0.036128,0.021638,-0.023286,-0.032004
"linoleoylcarnitine (C18:2)*",0.01735,0.016382,-0.0065356,0.03221,0.0014661,-0.035813,0.033124,-0.063144
"isoleucylglycine",0.010662,-0.044795,-0.031969,0.0061398,0.022561,0.039761,-0.015387,0.0041932
"leucylalanine",-0.073083,-0.013232,0.039886,-0.010949,0.019184,0.05213,-0.058097,0.021838
"leucylglutamine*",0.0058033,-0.0043835,0.0027954,0.0068295,-0.0068409,0.070282,0.014329,-0.00021785
"leucylglycine",0.0095869,-0.025614,-0.00091723,-0.01293,-0.02075,0.038127,-0.037123,0.037147
"valylleucine",-0.0055897,-0.022798,-0.0064516,-0.018455,-0.041233,0.029066,-0.018007,0.047445
"N-palmitoyltaurine",0.0080949,-0.00072321,0.0043735,0.021085,-0.03162,0.023564,-0.018208,-0.0052185
"N-stearoyltaurine",0.020542,0.010435,-0.0060988,0.046308,-0.036733,0.027183,-0.024712,-0.032313
"2-O-methylascorbic acid",0.027749,0.0039198,-0.016446,0.021944,-0.00052129,0.020444,-0.020246,-0.013167
"carboxyethyl-GABA",0.0053257,0.033333,0.011745,-0.0020576,0.008871,0.022756,-0.00030414,-0.063886
"trimethylamine N-oxide",0.025706,-0.0036308,-0.02697,-0.066118,0.0058114,-0.050883,0.079712,-0.0016211
"N6-methyllysine",-0.038744,-0.10905,0.05157,-0.095213,0.10907,-0.055082,0.039305,0.0014316
"imidazole propionate",0.0034975,0.030442,-0.023236,-0.0098748,0.049256,0.079741,0.053024,-0.09418
"phenylalanylglycine",0.021126,-0.04533,0.01597,-0.015868,-0.020093,0.013574,-0.0082179,0.051516
"phenylalanylalanine",0.018124,-0.05668,0.0053253,-0.013361,-0.014061,0.021506,-0.0081227,0.046358
"tyrosylglycine",0.00075705,-0.013381,-0.00025361,-0.007864,-0.0013315,0.021528,-0.0065641,-0.0098147
"aspartylaspartate",-0.036606,0.0057999,0.0085403,0.044247,-0.060574,0.030606,-0.012324,0.043362
"valylglutamine",-0.013783,0.035251,0.016156,-0.021362,-0.00027111,0.032109,-0.037646,0.03159
"valylglycine",0.028563,-0.029958,-0.0021751,-0.0047553,-0.035731,0.035344,-0.022969,-0.011174
"prolylalanine",0.020172,0.011439,-0.029729,0.0083687,0.038537,-0.00043565,0.0076627,-0.037659
"prolylglycine",0.021049,-0.0020507,-0.026862,0.0090821,0.018858,-0.00048979,0.0025178,-0.030232
"prolylproline",0.013567,0.016544,-0.034788,-0.0053049,0.010608,0.018672,-0.004924,-0.016008
"mannonate*",0.012322,-0.015185,-0.012534,-0.012348,0.014427,0.01322,-0.0062692,-0.012029
"taurohyodeoxycholic acid",0.019319,0.043266,-0.032814,-0.015115,0.0534,0.02187,-0.13222,0.11339
"2-stearoyl-GPE (18:0)*",0.079643,-0.053312,-0.030667,-0.0061795,-0.028101,-0.021586,0.022457,-0.029509
"(R)-3-hydroxybutyrylcarnitine",0.012739,0.011611,-0.011462,0.0090818,0.0087518,-0.0097622,-0.017911,0.00052859
"margaroylcarnitine (C17)*",-0.025245,0.065757,-0.042407,0.0069757,0.0032407,-0.0039397,0.034661,-0.060793
"2-hydroxydecanoate",0.035755,-0.0094748,0.016283,0.017583,-0.088735,-0.028229,0.060267,0.003245
"4-methylcatechol sulfate",0.054003,-0.036607,0.0863,-0.037204,0.11138,-0.046863,0.034508,0.008576
"2-aminooctanoate",0.043882,0.011002,0.033632,0.024179,0.023705,0.017492,0.014847,-0.036263
"o-tyrosine",0.020275,-0.0060777,-0.0013855,-0.020288,0.010177,0.033191,0.044408,0.010264
"1-stearoyl-GPS (18:0)*",0.079637,0.0041255,-0.014916,0.11625,0.035482,-0.013729,-0.023709,0.024422
"sphingomyelin (d18:1/14:0, d16:1/16:0)*",-0.0090092,-0.0036153,0.024756,0.02005,0.011915,0.023551,-0.014921,0.02467
"sphingomyelin (d18:2/16:0, d18:1/16:1)*",0.0010021,-0.0064973,0.017183,0.0025045,0.01841,0.001716,0.0026724,0.015366
"3-hydroxyadipate",-0.0066874,0.038061,0.028445,-0.0050779,0.040514,-0.055923,0.10579,-0.019143
"N-monomethylarginine",0.020836,0.03259,0.0089525,-0.012044,0.069304,0.030889,0.020826,-0.019114
"2-aminoheptanoate",0.029418,0.031154,0.017424,-0.015495,0.075191,-0.02773,0.1216,-0.098085
"benzoylcarnitine*",-0.002533,0.0037814,-0.013762,0.0026724,0.0045878,0.016252,0.019822,0.015488
"1-linoleoyl-GPS (18:2)*",0.019534,-0.0070871,0.022038,0.039947,0.0060212,-0.042974,-0.014309,0.0057643
"docosahexaenoyl ethanolamide",0.0084463,-0.034608,-0.035085,0.0030537,0.013027,-0.010263,-0.033829,0.0066293
"methionine sulfone",-0.0028169,0.012758,0.043306,0.059063,-0.049978,-0.00054957,0.0092502,0.03153
"1-linolenoyl-GPC (18:3)*",0.03749,-0.028414,0.019835,0.0069623,-0.0083306,-0.011274,0.012265,-0.013833
"1-eicosapentaenoyl-GPC (20:5)*",0.051367,-0.025731,0.0589,-0.010627,-0.0063517,0.0096643,0.0086836,0.027404
"1-eicosenoyl-GPC (20:1)*",0.046945,-0.0091803,-0.013417,0.0077625,0.021097,0.029491,0.029407,0.0078435
"1-nonadecanoyl-GPC (19:0)",0.044664,0.0037008,0.041434,0.023012,-0.01053,0.03123,-0.038746,0.00045524
"1-dihomo-linolenoyl-GPE (20:3n3 or 6)*",0.070895,-0.026364,-0.0065702,0.034049,-0.055366,0.012058,-0.01829,-0.00766
"1-(1-enyl-oleoyl)-GPE (P-18:1)*",0.07018,-0.046873,-0.036529,0.01031,0.022453,-0.015943,0.0037945,-0.025693
"fructosyllysine",0.015032,-0.019197,0.030736,-0.012734,-0.0012784,0.016265,-0.017148,0.004862
"1-eicosenoyl-GPE (20:1)*",0.082726,-0.035523,-0.018732,0.061427,-0.020031,0.01122,-0.038812,5.125e-05
"O-sulfo-tyrosine",0.034257,-0.023318,0.033887,-0.028543,0.015481,-0.0038796,-0.019714,1.7456e-05
"N-acetylmethionine sulfoxide",0.068008,-0.039697,-0.0077434,-0.014558,-0.006324,0.0076269,0.017409,-0.0064559
"N-acetyltaurine",0.014271,-0.0084899,-0.017824,0.0077576,0.0095079,-0.024623,-0.0136,-0.02194
"1-oleoyl-GPG (18:1)*",0.040587,-0.020346,-0.016459,0.036309,-0.020311,-0.0028687,0.00070521,-0.026406
"1-palmitoyl-GPG (16:0)*",0.079197,-0.057423,-0.033042,0.031488,-0.0061609,0.004179,-0.010528,-0.026167
"N-linoleoyltaurine*",0.014864,0.006471,0.00095039,0.039526,-0.027989,0.018111,-0.026349,-0.019175
"N-arachidonoyltaurine",0.015979,0.0093853,-0.0094387,0.032313,0.0059643,0.014376,0.0055392,-0.020418
"N-myristoyltaurine*",0.0022457,0.011672,0.0025596,0.056385,-0.02209,0.050454,0.0058988,-0.0087601
"N-palmitoleoyltaurine*",0.0013688,0.032863,-0.0014954,0.024573,-0.026278,0.011454,-0.020169,-0.020398
"methyl glucopyranoside (alpha + beta)",-0.0082817,-0.024773,0.093466,-0.048106,-0.014532,-0.0079966,-0.045031,0.015156
"sphingomyelin (d18:1/24:1, d18:2/24:0)*",0.018149,0.013333,0.021096,-0.016054,0.014731,-0.015017,0.017272,0.0079687
"myristoleoylcarnitine (C14:1)*",-0.068184,0.099937,-0.017728,0.040215,-0.020153,-0.035246,0.054096,-0.06005
"arabonate/xylonate",0.021364,-0.012341,-0.010496,-0.00171,0.013516,-0.0086417,0.015607,-0.023928
"1-dihomo-linolenylglycerol (20:3)",-0.025241,0.028675,-0.01714,0.04373,0.0066592,0.028721,-0.034654,-0.0089722
"ribulose/xylulose",0.12148,-0.06843,-0.089176,0.037132,-0.023899,0.0092563,0.013334,-0.049911
"p-cresol glucuronide*",0.033068,0.0063031,0.033453,-0.057848,0.069898,-0.11254,-0.13383,0.015928
"4-hydroxy-nonenal-glutathione",-0.0026295,-0.00101,0.010083,0.0017767,0.0086855,-0.0088479,0.0011312,-0.0082558
"sphingomyelin (d18:1/20:0, d16:1/22:0)*",-0.0083617,0.00089813,0.0049246,0.0030302,0.0089498,-0.003975,0.0053981,0.0021902
"sphingomyelin (d18:1/20:1, d18:2/20:0)*",-0.011538,0.00032771,-0.0018341,0.004762,0.0073303,0.0023785,0.013473,0.0063855
"behenoyl sphingomyelin (d18:1/22:0)*",0.0091012,0.0055491,0.012843,-0.0076094,0.0087445,-0.002281,0.0092892,-0.0015483
"sphingomyelin (d18:1/22:1, d18:2/22:0, d16:1/24:1)*",0.050486,0.050964,-0.016274,-0.048243,0.084921,-0.11972,0.056811,-0.0048255
"sphingomyelin (d18:1/22:2, d18:2/22:1, d16:1/24:2)*",0.014608,0.011005,0.009355,0.021371,0.01482,0.0052908,-0.0044969,-0.0051932
"lignoceroyl sphingomyelin (d18:1/24:0)",0.014419,0.013995,0.03399,0.00067358,0.02915,0.0030005,0.01128,-0.017193
"sphingomyelin (d17:1/16:0, d18:1/15:0, d16:1/17:0)*",-0.0019194,-0.0085772,0.016554,0.028356,-0.019343,0.050661,-0.035339,0.0092533
"2-docosahexaenoylglycerol (22:6)*",-0.048741,0.021999,-0.019796,0.0046703,0.00066718,0.021276,-0.0014277,-0.0039529
"3-hydroxyhexanoate",0.0017571,0.021248,0.0020871,-0.014561,-0.020601,0.016518,0.0026164,-0.049606
"C-glycosyltryptophan",0.0080495,0.013784,0.013056,0.0067442,0.0052059,0.0041615,-9.7335e-05,0.012459
"arabitol/xylitol",0.044724,-0.0035939,-0.026097,0.020512,-0.010014,0.034596,-0.017908,-0.021428
"N-acetylglucosamine/N-acetylgalactosamine",0.010833,-0.083083,0.021134,0.055876,-0.001907,-0.078995,0.052971,-0.006697
"linoleoyl ethanolamide",0.022867,-0.0487,-0.024953,0.059879,0.015609,0.027903,-0.053264,-0.012931
"1,2-dilinoleoyl-GPC (18:2/18:2)",0.010271,-0.015567,0.022111,0.018229,-0.033681,0.010799,-0.051576,0.036566
"1-stearoyl-2-oleoyl-GPC (18:0/18:1)",0.0014979,-0.0021338,0.0017323,0.022373,-0.05137,0.011943,0.0064572,0.027249
"1-palmitoyl-2-arachidonoyl-GPC (16:0/20:4n6)",-0.00062746,-0.0047554,0.0068172,0.0028059,-0.0036172,0.001549,-0.0030539,0.0031296
"1-palmitoyl-2-docosahexaenoyl-GPC (16:0/22:6)",-0.0065177,0.0011511,-0.0084924,-0.0073172,0.011682,-0.016207,0.015926,-0.0083542
"1-stearoyl-2-docosahexaenoyl-GPC (18:0/22:6)",-0.00026014,-7.3431e-05,-0.01306,-0.020302,0.0077989,-0.014165,0.015116,-0.014114
"sphingomyelin (d18:1/17:0, d17:1/18:0, d19:1/16:0)",-0.0088006,0.0025472,0.0023279,0.015735,-0.0026196,0.020576,-0.0069662,-0.00056182
"1-palmitoyl-2-stearoyl-GPC (16:0/18:0)",-0.0050855,-0.0028122,0.0027068,-0.0082564,0.014819,-0.012022,-0.0043578,-0.0030746
"2-hydroxybutyrate/2-hydroxyisobutyrate",0.064725,0.036603,0.027821,-0.031786,0.04987,-0.033137,0.033174,-0.015651
"2-methylcitrate/homocitrate",-0.012543,0.0076786,0.0070125,0.0090257,-0.01351,0.01898,-0.0060951,0.011234
"oleate/vaccenate (18:1)",0.045055,-0.022746,-0.023166,0.031055,-0.042372,0.0024544,-0.019628,-0.0041769
"3-hydroxystearate",-0.011989,-0.00347,0.0011085,0.056928,-0.091201,0.025836,0.029561,-0.061968
"4-HDoHE",0.04694,-0.039207,0.0027215,0.010315,0.021356,-0.0089311,0.0098086,-0.0046041
"1-palmitoleoylglycerol (16:1)*",-0.039341,0.03793,-0.0072609,0.061768,-0.010965,0.026543,-0.064095,-0.026666
"2-palmitoleoylglycerol (16:1)*",-0.023042,0.010673,-0.0059896,-0.0097855,-0.053639,-0.012662,-0.029453,-0.011802
"palmitoyl dihydrosphingomyelin (d18:0/16:0)*",0.0030422,-0.012935,0.0082066,-0.00079414,-0.012133,-0.0034836,0.0050713,0.01437
"tricosanoyl sphingomyelin (d18:1/23:0)*",0.011179,0.014631,0.022185,-0.008634,0.016672,0.003924,0.011932,-0.011915
"sphingomyelin (d18:2/23:0, d18:1/23:1, d17:1/24:1)*",0.016543,0.0080601,0.022304,-0.0080424,-0.008612,0.008642,-0.0055449,0.0098143
"sphingomyelin (d18:2/24:1, d18:1/24:2)*",0.018839,0.0079566,0.018815,-0.024347,0.018452,-0.016326,0.017425,0.012035
"1-stearoyl-2-linoleoyl-GPE (18:0/18:2)*",0.016667,-0.013621,0.011267,0.0099124,-0.030226,0.023418,-0.029193,0.034386
"1-stearoyl-2-arachidonoyl-GPE (18:0/20:4)",0.0066123,-0.0038218,0.014141,0.009508,-0.011393,0.0027575,-0.0079581,0.0058072
"1-oleoyl-2-linoleoyl-GPI (18:1/18:2)*",-0.054104,-0.014613,-0.0035464,0.073026,0.096315,-0.0026684,-0.072333,0.031281
"1-stearoyl-2-linoleoyl-GPC (18:0/18:2)*",0.01283,-0.0097377,0.019799,0.010324,-0.020988,0.019278,-0.026169,0.032316
"1-oleoyl-2-linoleoyl-GPC (18:1/18:2)*",0.010263,-0.0062949,0.01461,0.019099,-0.028159,0.0069387,-0.027996,0.040047
"1-palmitoyl-2-palmitoleoyl-GPC (16:0/16:1)*",-0.0038212,0.000473,0.0074817,-0.00091822,0.0096504,-0.014011,-0.00486,0.015275
"1-palmitoyl-2-eicosapentaenoyl-GPC (16:0/20:5)*",-0.00028376,-0.016756,0.033667,0.013481,0.014153,-0.007988,-0.018613,0.019736
"1-palmitoyl-2-arachidonoyl-GPE (16:0/20:4)*",0.010461,-0.003604,0.015159,0.016149,-0.018332,0.024195,-0.02013,0.020693
"1-palmitoyl-2-docosahexaenoyl-GPE (16:0/22:6)*",-0.0022848,-0.0039067,-0.0089336,-0.014579,0.0032328,-0.019585,0.021452,-0.003916
"1-stearoyl-2-docosahexaenoyl-GPE (18:0/22:6)*",0.0042052,-0.0091868,-0.011806,-0.016507,0.0015019,-0.011972,0.016293,-0.013137
"1-palmitoyl-2-arachidonoyl-GPI (16:0/20:4)*",-0.024615,-0.0079286,0.0051397,-0.00066477,0.031489,-0.023409,0.017775,0.019296
"1-stearoyl-2-linoleoyl-GPI (18:0/18:2)",-0.0047094,0.0021715,0.0066862,-0.010279,0.0039954,-0.0012101,0.010934,0.015696
"1-palmitoyl-2-palmitoleoyl-GPE (16:0/16:1)*",0.0047894,-0.021336,-0.0086103,0.0034999,0.007769,0.0055658,-0.0069867,-0.01374
"gamma-tocopherol/beta-tocopherol",-0.032713,-0.0088798,-0.010873,0.011046,0.017328,-0.050586,0.01415,0.057881
"1-(1-enyl-stearoyl)-2-arachidonoyl-GPE (P-18:0/20:4)*",-0.0097727,-0.0091016,0.014023,0.012686,-0.005877,0.032135,-0.006431,0.012777
"1-(1-enyl-palmitoyl)-2-docosahexaenoyl-GPE (P-16:0/22:6)*",0.0013659,-0.0047633,-0.014901,-0.011124,0.0047586,-0.0034681,0.010501,-0.0080784
"1-(1-enyl-palmitoyl)-2-arachidonoyl-GPE (P-16:0/20:4)*",0.0018083,0.00018187,0.010527,0.0037288,-0.0030425,0.0030623,0.0050272,0.0017997
"1-(1-enyl-stearoyl)-2-docosahexaenoyl-GPE (P-18:0/22:6)*",-0.0091177,-0.0068533,-0.011638,-0.0038317,0.0094074,-0.0016003,0.011086,-0.0021572
"1-(1-enyl-palmitoyl)-2-oleoyl-GPE (P-16:0/18:1)*",0.017147,0.013659,-0.0040538,-0.018569,-0.017801,-0.018425,0.018327,5.3088e-05
"1-(1-enyl-palmitoyl)-2-oleoyl-GPC (P-16:0/18:1)*",-0.0023253,0.023357,-0.023613,0.022969,-0.060834,-0.051816,0.049604,-0.006241
"1-(1-enyl-palmitoyl)-2-docosahexaenoyl-GPC (P-16:0/22:6)*",-0.0039675,0.0016882,-0.01832,-0.019172,0.035096,-0.032555,0.010725,-0.019693
"1-(1-enyl-palmitoyl)-2-linoleoyl-GPC (P-16:0/18:2)*",0.024863,0.0024868,0.015633,-0.0019643,0.00077072,-0.0083421,-0.025175,0.021239
"1-(1-enyl-palmitoyl)-2-arachidonoyl-GPC (P-16:0/20:4)*",-0.0051335,-0.0020639,0.0080388,0.0055489,0.018307,0.0022308,-0.0046849,-0.0088369
"1-(1-enyl-stearoyl)-2-docosahexaenoyl-GPC (P-18:0/22:6)*",-0.012888,0.00045233,-0.014285,-0.016922,0.027595,-0.035761,0.012605,-0.024996
"1-stearyl-2-arachidonoyl-GPC (O-18:0/20:4)*",-0.044599,-0.020159,0.027422,0.03987,0.021348,0.068336,0.00027482,0.13934
"sphingomyelin (d18:1/21:0, d17:1/22:0, d16:1/23:0)*",0.002912,0.013485,0.0054025,0.014399,-0.0037852,0.0093213,-0.011424,-0.0001307
"sphingomyelin (d18:0/18:0, d19:0/17:0)*",0.0063392,-0.0064121,0.006086,-0.00096158,-0.0078492,0.0099263,0.00030637,0.013361
"N-palmitoyl-sphinganine (d18:0/16:0)",0.030442,-0.041425,0.011321,-0.0012183,-0.042864,0.0048593,-0.0007675,0.0011571
"1-pentadecanoyl-2-linoleoyl-GPC (15:0/18:2)*",0.0061565,-0.010841,0.016036,0.021692,-0.0080593,0.022671,-0.03035,0.031769
"1-margaroyl-2-oleoyl-GPC (17:0/18:1)*",-0.007886,-0.0069898,-0.0034652,0.013792,-0.030766,0.010815,-0.013618,0.023699
"1-margaroyl-2-linoleoyl-GPC (17:0/18:2)*",0.0074908,-0.011777,0.024602,0.018169,-0.026744,0.017793,-0.036033,0.04315
"1-stearoyl-2-dihomo-linolenoyl-GPC (18:0/20:3n3 or 6)*",0.037355,-0.014214,0.030994,0.025391,-0.017334,0.036307,-0.042463,0.073103
"palmitoyl-linoleoyl-glycerol (16:0/18:2) [1]*",0.0027351,0.0060996,-0.0051578,-0.036855,-0.011317,-0.022547,0.036562,0.054756
"palmitoyl-linoleoyl-glycerol (16:0/18:2) [2]*",-0.019263,0.016239,0.013938,-0.017594,-0.030219,-0.0071211,-0.0059356,0.019988
"1-palmitoyl-2-oleoyl-GPI (16:0/18:1)*",-0.017125,0.020907,-0.002473,-0.0020289,0.02164,-0.0025191,0.007513,-0.016313
"1-stearoyl-2-docosahexaenoyl-GPI (18:0/22:6)*",-0.013772,-0.00041224,-0.041707,-0.010097,0.030221,-0.041208,0.040727,-0.020453
"1-(1-enyl-palmitoyl)-2-linoleoyl-GPE (P-16:0/18:2)*",0.017036,0.0083584,0.0016333,-0.0010108,-0.0030087,0.012627,0.0081245,0.025185
"1-palmitoleoyl-2-linoleoyl-GPC (16:1/18:2)*",-8.4306e-05,-0.0065485,0.012243,0.0042603,0.00053261,-0.0086794,-0.026027,0.026408
"1-oleoyl-2-linoleoyl-GPE (18:1/18:2)*",0.014141,-0.01515,0.016926,0.015287,-0.036047,0.0042347,-0.039971,0.037706
"1-stearoyl-2-linoleoyl-GPG (18:0/18:2)*",-0.025341,0.025454,-0.0098541,-0.012953,0.0032234,-0.016678,0.022715,0.020382
"1-oleoyl-2-linoleoyl-GPG (18:1/18:2)*",-0.010317,0.0021263,-0.0036878,0.014779,-0.0055565,0.0070373,-0.024685,-0.00075593
"1-pentadecanoyl-2-arachidonoyl-GPC (15:0/20:4)*",-0.0039166,-0.0091671,0.019763,0.020483,0.019576,0.008379,-0.0049351,0.0072925
"1-pentadecanoyl-2-docosahexaenoyl-GPC (15:0/22:6)*",-0.011327,0.0048886,-0.012135,-0.0065029,0.039039,-0.015062,0.021305,-0.018566
"1-margaroyl-2-arachidonoyl-GPC (17:0/20:4)*",-0.0011026,-0.01118,0.013459,0.018819,-0.0036935,0.034928,-0.018841,0.0067849
"1-arachidoyl-2-arachidonoyl-GPC (20:0/20:4)*",0.0068234,-0.067335,0.048994,0.056729,0.0069857,0.062639,-0.076693,0.057422
"1-oleoyl-2-docosahexaenoyl-GPC (18:1/22:6)*",-0.0039315,-0.0031585,-0.0010678,0.0013957,0.01513,-0.014094,0.010828,-0.013037
"1-linoleoyl-2-arachidonoyl-GPC (18:2/20:4n6)*",0.015479,-0.0065536,0.020812,0.017745,-0.0049219,0.012314,-0.026593,0.021455
"1-palmityl-2-linoleoyl-GPC (O-16:0/18:2)*",0.014437,-0.0045158,0.015472,0.0099486,0.00072661,0.0061676,-0.02555,0.026344
"1-myristoyl-2-arachidonoyl-GPC (14:0/20:4)*",-0.0072729,-0.001639,0.0051005,-0.0055138,0.02875,-0.0066697,0.0093607,0.0087065
"1-stearoyl-2-docosapentaenoyl-GPC (18:0/22:5n3)*",0.0054836,-0.0057533,0.0021246,0.0027355,-0.014396,0.017026,-0.0047776,0.0075076
"1-stearoyl-2-docosapentaenoyl-GPC (18:0/22:5n6)*",-0.0001943,0.017815,-0.011004,-0.0035962,0.011708,-0.00624,0.008167,-0.017932
"1-stearoyl-2-adrenoyl-GPC (18:0/22:4)*",-0.0090412,0.0061359,0.0017407,0.023392,-0.023643,0.0078154,-0.010897,0.018999
"1-stearyl-GPC (O-18:0)*",0.0069333,-0.0030559,0.031531,0.016094,0.059361,0.0028977,0.033857,0.03882
"1-stearoyl-2-meadoyl-GPC (18:0/20:3n9)*",0.024277,0.0028718,0.016296,0.010861,-0.019222,0.02534,-0.0077636,0.014892
"1-palmitoyl-2-gamma-linolenoyl-GPC (16:0/18:3n6)*",0.010678,-0.0010103,0.029277,-0.0010952,-0.001664,0.0071854,-0.02193,0.023523
"1-(1-enyl-palmitoyl)-2-palmitoyl-GPC (P-16:0/16:0)*",-0.0035619,0.0024514,0.013113,-0.024129,0.031574,-0.032054,0.014231,-0.0058283
"1-stearoyl-2-dihomo-linolenoyl-GPI (18:0/20:3n3 or 6)*",0.0026359,0.024146,-0.0045078,0.0095855,-0.011349,0.02207,-0.012392,0.028248
"1,2-dipalmitoyl-GPE (16:0/16:0)*",-0.0059694,-0.004248,-0.0019358,-0.02138,0.02868,0.0017042,-0.023082,0.00041259
"1-palmitoyl-2-eicosapentaenoyl-GPE (16:0/20:5)*",-0.003844,-0.0041947,0.0050691,0.0043531,-0.0019674,0.011312,-0.006926,0.00063062
"1-stearoyl-2-dihomo-linolenoyl-GPE (18:0/20:3n3 or 6)*",0.033382,-0.010315,0.012206,0.012917,-0.032284,0.0090358,-0.012687,0.038656
"1,2-dilinoleoyl-GPE (18:2/18:2)*",0.02605,-0.014242,0.014283,0.0085784,-0.033124,-0.016441,-0.076071,0.031326
"1-oleoyl-2-arachidonoyl-GPE (18:1/20:4)*",0.0097779,0.00037912,0.024734,0.02958,-0.029041,0.030885,-0.024612,0.02714
"1-oleoyl-2-docosahexaenoyl-GPE (18:1/22:6)*",-0.00061886,0.00093533,-0.0045589,-0.00090835,-0.011202,-0.010551,0.0087947,-4.1109e-05
"1-linoleoyl-2-arachidonoyl-GPE (18:2/20:4)*",0.023251,-0.004937,0.026981,0.035275,-0.033858,0.03032,-0.036981,0.038254
"1-(1-enyl-stearoyl)-2-linoleoyl-GPE (P-18:0/18:2)*",0.0090178,-0.0035718,0.01444,0.0086336,-0.0039398,0.01383,-0.020426,0.012426
"1-linoleoyl-GPG (18:2)*",0.036723,-0.025972,-0.021296,0.060358,-0.024538,0.039016,-0.036926,-0.0065214
"thioproline",0.0092322,0.0070921,-0.005443,0.0075946,-0.0006003,0.001339,0.0098622,0.009104
"palmitoylcholine",-0.014819,-0.0383,0.017889,-0.0060055,-0.015801,0.02287,-0.0029276,-0.0010649
"2-methylserine",-0.031942,0.045299,0.049974,-0.0086028,0.0017094,-0.08131,0.0049223,-0.079849
"(S)-3-hydroxybutyrylcarnitine",-0.0040505,0.056996,0.00026165,0.0049783,-0.047433,-0.039903,0.030618,0.012805
"glycosyl-N-palmitoyl-sphingosine (d18:1/16:0)",0.0253,-0.0086744,0.072325,-0.10781,0.077245,-0.22551,0.098552,-0.0051688
"methylsuccinoylcarnitine",-0.014002,-0.0042046,0.0056227,-0.0072996,0.018528,-0.065762,0.049939,0.0056001
"14-HDoHE/17-HDoHE",0.088213,-0.10301,-0.12789,0.099016,0.12799,0.050864,-0.26752,-0.11674
"oleoylcholine",-0.016439,-0.027223,-9.3177e-05,-0.014352,-0.013955,0.019731,-0.0134,0.0079012
"palmitoloelycholine",-0.0081539,-0.020891,0.0012285,-0.0058208,0.0096462,-0.00097835,-0.0092689,-0.0017394
"1-linoleoyl-2-linolenoyl-GPC (18:2/18:3)*",-0.010404,-0.010167,0.00074723,0.01359,-0.0078757,-0.043797,-0.025678,0.014398
"1,2-dilinolenoyl-GPC (18:3/18:3)*",-0.013676,-0.0026906,-0.028716,-0.024049,0.055065,-0.032346,0.040785,-0.0068113
"1-palmitoleoyl-2-linolenoyl-GPC (16:1/18:3)*",0.014556,0.0076415,-0.0015013,0.0066384,-0.013019,-0.0028096,-0.0059956,0.039959
"phosphatidylcholine (18:0/20:2, 20:0/18:2)*",-0.0039808,-0.013549,0.0045433,0.0074906,-0.01485,0.022564,-0.013021,0.021885
"hexadecatrienoate (16:3n3)",0.040445,-0.023904,-0.0062536,0.026556,-0.043514,0.01095,0.0097877,-0.052551
"hexadecadienoate (16:2n6)",0.03945,-0.02631,-0.025563,0.025951,-0.034442,0.0096321,-0.0038057,-0.032222
"1-eicosapentaenoylglycerol (20:5)*",-0.0038518,-0.0049129,0.0021353,0.0036725,-0.0087477,0.011753,-0.0046302,0.0029133
"palmitoleoylcarnitine (C16:1)*",-0.04725,0.087929,-0.024931,0.043171,-0.020128,-0.048522,0.059934,-0.086456
"3'-dephospho-acetyl-CoA",0.013798,-0.03123,0.0074481,0.0011911,0.0049046,0.020101,-0.017582,0.023446
"succinylglutamine",0.022029,0.015763,-0.012517,-0.024845,0.098243,-0.016945,-0.019107,-0.054608
"2,3-dihydroxy-2-methylbutyrate",0.015834,-0.010233,-0.03916,0.021905,-0.041319,-0.020155,-0.012739,0.037122
"2'-O-methyluridine",0.010629,-0.015851,-0.018642,-0.0028523,0.013072,-0.024131,0.02204,-0.015434
"gamma-glutamyl-alpha-lysine",-0.02962,0.015989,0.043615,-0.021827,-0.082516,-0.009617,0.015124,-0.032782
"palmitoyl-oleoyl-glycerol (16:0/18:1) [2]*",-0.02009,0.023093,0.0033291,-0.014916,-0.024228,-0.0063034,-0.033053,0.024134
"oleoyl-oleoyl-glycerol (18:1/18:1) [1]*",0.00025297,0.005365,0.010497,-0.035679,-0.019697,-0.032807,-0.0046204,0.0068606
"oleoyl-oleoyl-glycerol (18:1/18:1) [2]*",-0.012662,0.0063662,-0.011232,-0.026966,-0.023748,-0.029516,-0.011265,-0.0060275
"linoleoyl-arachidonoyl-glycerol (18:2/20:4) [1]*",-0.00045566,-0.0017482,-0.017346,-0.022371,0.050353,0.014085,0.010409,-0.0047944
"linoleoyl-arachidonoyl-glycerol (18:2/20:4) [2]*",-0.014014,0.0059362,-0.027046,-0.040667,0.012644,-0.010974,0.023613,0.019287
"palmitoyl-arachidonoyl-glycerol (16:0/20:4) [1]*",-0.0031739,0.0011288,-0.010337,0.045611,0.028511,-0.0038,-0.023155,0.016563
"palmitoyl-arachidonoyl-glycerol (16:0/20:4) [2]*",-0.0067862,0.0063292,0.0072226,-0.023973,-0.012404,-0.016042,0.0085207,0.016942
"linoleoyl-linolenoyl-glycerol (18:2/18:3) [1]*",-0.0085296,0.0076847,0.024914,-0.024828,-0.011885,-0.010811,-0.024307,0.012994
"linoleoyl-linolenoyl-glycerol (18:2/18:3) [2]*",-0.065444,0.048104,0.0086325,-0.028436,-0.024583,-0.0064205,-0.021242,0.026886
"linoleoyl-docosahexaenoyl-glycerol (18:2/22:6) [1]*",-0.0089963,0.022165,-0.040771,-0.038754,0.055498,-0.025108,0.041427,-0.004803
"linoleoyl-docosahexaenoyl-glycerol (18:2/22:6) [2]*",-0.020473,0.0061891,-0.02475,-0.05158,0.035709,-0.028308,0.037112,0.012812
"oleoyl-arachidonoyl-glycerol (18:1/20:4) [2]*",-0.0036124,0.0022143,-0.0089287,-0.04332,0.0018333,-0.014221,0.019168,0.030085
"palmitoyl-linolenoyl-glycerol (16:0/18:3) [2]*",-0.00016851,0.095064,0.23818,-0.39767,-0.059118,0.36142,-0.064006,-0.20952
"diacylglycerol (16:1/18:2 [2], 16:0/18:3 [1])*",-0.026565,0.030921,0.0052658,-0.011049,-0.0051934,-0.025088,-0.0069857,0.021206
"linoleoyl-linoleoyl-glycerol (18:2/18:2) [1]*",-0.021468,0.024502,-0.00013053,-0.023381,-0.0062984,-0.016892,-0.033637,-0.0038272
"linoleoyl-linoleoyl-glycerol (18:2/18:2) [2]*",-0.03108,0.022321,-0.00034141,-0.019326,-0.016125,-0.018575,-0.026185,-9.4313e-05
"stearoyl-arachidonoyl-glycerol (18:0/20:4) [1]*",-0.0035806,-0.018554,-0.036853,-0.0013367,0.076072,-0.016545,0.065762,-0.019805
"stearoyl-arachidonoyl-glycerol (18:0/20:4) [2]*",0.0009903,0.0020397,0.013683,-0.021448,-0.00099013,-0.017596,0.003781,0.018189
"1-oleoyl-2-arachidonoyl-GPI (18:1/20:4)*",-0.012371,-0.011855,0.02128,-0.0049324,0.053938,-0.076054,0.012551,0.0020608
"1-palmityl-GPE (O-16:0)*",0.044146,-0.022328,-0.024673,-0.045358,-0.064429,-0.0091929,0.018338,0.016505
"1-stearoyl-2-dihomo-linolenoyl-GPS (18:0/20:3n3 or 6)*",0.010424,0.009805,-0.0048822,0.032269,0.0042909,-0.026514,0.012721,-0.0029425
"1-palmityl-2-stearoyl-GPC (O-16:0/18:0)*",-0.028971,-0.013738,-0.0061073,0.021995,-0.014446,0.011724,-0.0080663,0.0025091
"1-palmityl-2-palmitoyl-GPC (O-16:0/16:0)*",-0.0017417,-0.0016437,0.0039444,-0.0062302,0.01209,-0.018793,0.01326,-0.0029798
"N-palmitoyl-sphingadienine (d18:2/16:0)*",0.050363,-0.052462,-0.0032728,0.0019029,0.019336,0.0040307,-0.016181,-0.021822
"stearoyl-docosahexaenoyl-glycerol (18:0/22:6) [2]*",-0.0020752,-0.0075048,-0.02011,-0.040322,0.0079838,-0.01816,0.021837,0.010177
"palmitoyl-docosahexaenoyl-glycerol (16:0/22:6) [1]*",-0.0057734,0.01097,-0.018898,-0.031733,0.027204,-0.024912,0.03631,0.037718
"palmitoyl-docosahexaenoyl-glycerol (16:0/22:6) [2]*",-0.017557,0.0054278,-0.0056897,-0.045413,0.015237,-0.018579,0.026689,0.041836
"N-behenoyl-sphingadienine (d18:2/22:0)*",0.014504,-0.028681,-0.015657,0.0087359,0.00097371,0.019477,0.015651,0.0025384
"N-stearoyl-sphingadienine (d18:2/18:0)*",0.020079,-0.037631,-0.019279,-0.010099,0.0085821,-0.023052,0.023162,-0.0057399
"sphingadienine",0.016452,-0.025944,-0.026123,-0.01602,0.025373,-0.020736,0.025095,0.02361
"maltitol/lactitol/cellobiotol/palatinol",0.0047676,-0.033292,-0.0035431,-0.071292,0.11354,-0.071607,0.042462,-0.027349
"butyryl/isobutyryl CoA",-0.064034,0.029926,-0.027595,-0.0054569,0.08946,-0.022521,-0.048187,-0.057704
"glycerophosphoserine*",0.0021844,-0.0071003,-0.010629,0.0045357,0.010811,0.0082556,0.00060236,0.02633
"hexadecasphingosine (d16:1)*",0.018848,0.00059172,0.0045974,-0.013487,-0.00142,0.016362,0.001041,0.012847
"heptadecasphingosine (d17:1)",0.0098306,-0.016279,0.010775,0.01313,-0.010605,0.0031166,0.0097973,-0.0044944
"ceramide (d18:1/14:0, d16:1/16:0)*",0.037509,-0.064626,-0.0043516,-0.026005,0.0017588,0.00762,-0.04854,-0.019292
"ceramide (d18:1/17:0, d17:1/18:0)*",0.034029,-0.037129,-0.0079373,0.017462,0.0017918,5.3683e-06,-0.0016336,-0.009743
"ceramide (d18:2/24:1, d18:1/24:2)*",0.049465,-0.018005,-0.0097783,-0.022464,0.0045074,-0.01458,0.032103,-0.0032784
"ceramide (d18:1/20:0, d16:1/22:0, d20:1/18:0)*",0.007812,-0.043367,-0.0043707,0.02029,0.030544,-0.023263,-0.01738,-0.011571
"stearoylcholine*",-0.018514,-0.041557,-0.0022569,0.00048433,-0.014422,0.027702,-0.0014088,0.006857
"linoleoylcholine*",-0.015526,-0.045089,0.0090095,-0.0034111,-0.00086389,0.024398,-0.0040981,0.021259
"docosatrienoate (22:3n6)*",0.094624,-0.0056939,-0.032466,0.04591,-0.025739,-0.0064363,0.02013,-0.0053989
"nisinate (24:6n3)",0.090052,-0.029678,-0.020584,0.03255,-0.0012449,-0.019719,0.0062235,-0.0031669
"sphingomyelin (d18:0/20:0, d16:0/22:0)*",0.009041,-0.0053813,0.024996,0.0093071,-0.0017161,0.010589,-0.0072343,-0.012156
"sphingomyelin (d18:1/19:0, d19:1/18:0)*",-0.011437,0.0065586,0.012041,0.023852,-0.0062475,0.027156,-0.012087,0.0029048
"sphingomyelin (d18:2/21:0, d16:2/23:0)*",-0.0044635,0.0018723,-0.0030642,-0.0092044,-0.0064666,0.018262,-0.012064,0.038747
"heneicosapentaenoate (21:5n3)",0.067278,-0.056585,0.0019439,0.02615,-0.026141,0.0020859,0.024774,-0.032938
"linolenoylcarnitine (C18:3)*",-0.022387,0.055145,-0.022428,0.050049,0.053768,-0.044147,0.023266,-0.074295
"behenoylcarnitine (C22)*",-0.0039081,0.050077,-0.06345,0.015896,-0.051409,0.022474,0.018232,-0.070439
"arachidoylcarnitine (C20)*",-0.007225,0.058587,-0.082503,0.020333,-0.024196,0.017268,0.030479,-0.079527
"lignoceroylcarnitine (C24)*",-0.0085772,0.017342,0.0023539,-0.0074542,-0.056677,-0.011452,0.033243,-0.041675
"arachidonoylcarnitine (C20:4)",-0.0020881,0.0049643,-0.021305,0.018591,0.0019859,0.010016,0.00049545,-0.00058913
"eicosenoylcarnitine (C20:1)*",-0.013085,0.069292,-0.068586,0.02641,-0.028365,-0.0033374,0.056946,-0.066426
"dihomo-linoleoylcarnitine (C20:2)*",-0.032821,0.086107,-0.058536,0.031233,-0.028961,-0.0059363,0.054826,-0.066309
"dihomo-linolenoylcarnitine (C20:3n3 or 6)*",0.025927,0.034327,-0.049559,0.027921,0.020077,-0.011352,0.044052,-0.062696
"erucoylcarnitine (C22:1)*",-0.0051001,0.064419,-0.093005,0.016836,-0.045591,0.036369,0.030237,-0.062434
"pentadecanoylcarnitine (C15)*",-0.022882,0.028009,-0.058352,-0.020469,0.048151,-0.0034298,0.036862,-0.035579
"docosahexaenoylcarnitine (C22:6)*",0.049126,-0.032242,-0.068247,-0.011131,0.068093,-0.066517,0.060083,-0.034404
"nervonoylcarnitine (C24:1)*",-0.013806,0.078124,-0.082304,0.0087475,-0.041435,0.048161,0.0081165,-0.045136
"tetracosadienoylcarnitine (C24:2)*",-0.022618,0.10236,-0.12364,0.044499,-0.059002,0.1131,0.044176,-0.060672
"docosadienoylcarnitine (C22:2)*",-0.0031306,0.059536,-0.09611,0.023361,-0.051359,0.033455,0.059516,-0.081687
"docosatrienoylcarnitine (C22:3)*",-0.0051199,0.08106,-0.097468,0.043742,-0.011619,0.010291,0.050595,-0.12287
"adrenoylcarnitine (C22:4)*",-0.0060057,0.041857,-0.044938,0.013364,0.062851,0.0077059,0.040373,-0.035878
"palmitoleoyl ethanolamide*",-0.02626,0.010345,-0.042564,0.00075062,0.018115,-0.022297,0.018329,0.039406
"N,N,N-trimethyl-5-aminovalerate",-0.038077,-0.047816,0.015519,-0.0046504,0.0029967,-0.051777,-0.014489,-0.014012
"1-palmitoyl-2-pentadecanoyl-GPC (16:0/15:0)*",-0.0083692,-0.0056565,0.017857,0.006332,0.008166,0.0058016,-0.010376,0.014393
"(N(1) + N(8))-acetylspermidine",0.013119,-0.017324,0.011866,-0.0014182,-0.002824,0.0065824,0.010021,0.0083071
"butenoylcarnitine (C4:1)",-0.0096678,0.016897,0.006661,-0.00021049,-0.046993,-0.024473,0.0050925,0.037381
"5-dodecenoylcarnitine (C12:1)",-0.084472,0.089952,-0.013546,0.033207,0.021348,-0.036602,0.01553,-0.030593
"myristoylcholine*",-0.00881,-0.027977,-0.011709,-0.013989,0.007716,0.015771,-0.010822,-0.014508
"3-hydroxypalmitoylcarnitine",-0.011415,0.043524,-0.019698,0.016429,-0.051334,-0.042316,0.04701,-0.065223
"3-hydroxyoleoylcarnitine",0.0075006,0.035005,-0.017634,0.017272,-0.062374,-0.046042,0.068249,-0.051635
"3-hydroxyarachidate*",0.029505,0.00086056,-0.042583,0.10947,-0.127,0.12569,-0.030994,-0.049605
"18-methylnonadecanoate (i20:0)",0.048742,-0.045802,0.0080166,0.093001,-0.074028,0.077064,-0.044225,-0.032677
"2-hydroxyheptanoate*",0.031772,-0.0017738,-0.036759,-0.0566,-0.04735,-0.014117,0.03129,0.074219
"3-hydroxyoleate*",0.018521,-0.0084574,-0.0034995,0.063867,-0.11394,0.011326,0.01691,-0.026649
"lyxonate",0.021636,-0.034661,-0.021572,0.0095342,0.016051,-0.020066,2.0966e-05,-0.039908
"N-acetyl-2-aminooctanoate*",0.061948,0.0083019,0.074171,6.3702e-05,0.042022,0.024427,0.034937,-0.068963
"N,N,N-trimethyl-alanylproline betaine (TMAP)",0.0075806,0.00015586,0.00062459,0.0021271,0.0073215,-0.0052179,-0.0043812,-0.00785
"3-formylindole",-0.004905,-0.012704,0.0092954,-0.011526,-0.0037821,-0.006137,0.010726,0.01733
"tetradecadienoate (14:2)*",0.0099073,-0.0053231,-0.014718,0.033409,-0.051462,0.0023479,0.0080565,-0.056696
"N,N-dimethylalanine",0.13866,0.0044216,0.046052,0.1477,-0.020959,-0.22256,0.12945,-0.016774
"ethyl beta-glucopyranoside",0.012381,0.0048633,0.0049693,-0.053274,-0.017483,-0.031238,0.033408,-0.055187
"ascorbic acid 3-sulfate*",-0.012346,0.0097626,-0.051923,-0.030042,0.024701,0.036136,-0.068127,0.022475
"N6,N6-dimethyllysine",0.0062543,-0.015149,0.0073242,-0.0095016,0.024449,-0.0023606,0.021636,-0.011673
"dodecadienoate (12:2)*",-0.0063357,-0.025712,0.049835,0.047561,-0.069263,-0.024418,0.032054,-0.052123
"1-linolenoyl-GPG (18:3)*",0.0036432,-0.010331,0.030823,0.066147,-0.063913,0.040582,-0.02555,0.0099054
"1-meadoylglycerol (20:3n9)*",-0.027842,0.026887,0.019423,0.045145,-0.049438,0.14592,-0.099198,-0.078723
"meadoylcarnitine (C20:3n9)*",-0.017797,0.042099,6.6167e-05,0.0089136,-0.084925,-0.0076459,0.038656,-0.027557
"1-heptadecenoylglycerol (17:1)*",-0.039204,0.0074445,0.012265,0.05056,-0.024961,0.020332,-0.029814,-0.068823
"2-heptadecenoylglycerol (17:1)*",-0.050096,0.004963,0.020772,0.044495,-0.033225,0.0017231,-0.025691,-0.043627
"1-nisinoyl-GPC (24:6)*",0.051825,-0.012803,0.0021207,0.05181,-0.0058542,-0.045145,-0.027117,-0.0092138
"3-hydroxyhexanoylcarnitine (1)",0.00078013,0.018406,-0.014044,0.00087028,0.013303,-0.035751,-0.006364,0.011512
"3-hydroxyhexanoylcarnitine (2)",0.019906,0.014042,-0.026593,0.0081759,-0.0051714,-0.028475,0.027002,0.015736
"2,6-dihydroxybenzoic acid",0.0029853,0.0016576,0.01593,0.0079471,0.013447,-0.0031532,0.0093747,0.018967
"2,3-dihydroxy-5-methylthio-4-pentenoate (DMTPA)*",-0.04108,-0.024014,0.0086921,-0.046975,0.034485,-0.033046,-0.0090762,-0.017192
"N-(ADP-ribosyl)-arginine (1)*",-0.035948,0.019625,-0.048084,0.044484,0.044519,0.026319,0.019136,-0.04955
"N-(ADP-ribosyl)-arginine (2)*",-0.044721,0.027658,-0.044015,0.073951,0.087902,0.026801,-0.0023595,-0.042644
"3'-dephospho-CoA-glutathione*",-0.080809,0.038329,0.017925,-0.0046119,0.0075682,0.014408,-0.021579,0.024599
"S-(1,2-dicarboxyethyl)glutathione",-0.061791,0.027575,-0.019556,0.011108,0.0042054,-0.0166,-0.0066709,-0.013698
"hydroxypalmitoyl sphingomyelin (d18:1/16:0(OH))**",-0.026332,0.020311,0.0078614,0.0047362,-0.014973,0.029883,0.0297,0.0029631
"hydroxy-N6,N6,N6-trimethyllysine*",0.0010053,-0.0044012,-0.0019259,0.018132,0.014558,0.0093949,-0.0063229,-0.0077405
"3-decenoylcarnitine",0.059523,0.0061328,-0.020146,0.026276,-0.072134,0.035523,0.093432,0.0060225
"3-hydroxydecanoylcarnitine",0.047231,0.018101,-0.038384,0.0069745,-0.059644,-0.058161,0.073327,-0.025352
"succinoyltaurine",-0.0061726,0.007822,0.0025316,-0.0074451,0.047367,-0.031392,0.0040096,-0.021477
"isoleucylhydroxyproline*",0.01457,0.014957,-0.027055,-0.0022544,-0.015356,0.047491,-0.0059239,-0.03155
"1-methyl-5-imidazolelactate",0.051246,0.03482,-0.009939,0.028796,0.067971,0.025927,0.033816,0.045664
"(2 or 3)-decenoate (10:1n7 or n8)",0.022024,0.012371,0.00081661,0.049792,-0.10018,-0.0212,0.036531,-0.023102
"cis-3,4-methyleneheptanoylcarnitine",-0.025437,0.054592,0.050624,0.021518,0.09607,0.049148,0.016242,0.041913
"NADHX*",-0.048397,0.020414,-0.076215,0.03928,0.024764,0.012503,-0.010936,0.019674
"2,4-di-tert-butylphenol",-0.00069154,0.01661,-0.0019886,0.029408,-0.023923,0.015887,-0.016019,0.0059554
"3-hydroxyoctanoylcarnitine (1)",0.031748,0.022915,-0.016792,0.0097568,-0.062389,-0.036959,0.035154,-0.037222
"3-hydroxyoctanoylcarnitine (2)",0.030842,0.016428,-0.024324,0.0097819,-0.032171,-0.037313,0.020575,0.0014037
"N,N-dimethyl-pro-pro",0.0087812,0.0005682,0.036056,-0.007529,0.031766,-0.0076775,0.015154,-0.00072083
"oxindolylalanine",-0.017713,-0.01897,0.00865,0.0027604,-0.015282,-0.027452,0.012917,-0.026973
"N-lactoyl leucine",0.00095032,0.0047702,-0.035061,0.03761,-0.013522,-0.018424,-0.021243,-0.0030507
"N-lactoyl phenylalanine",0.008242,-0.0069968,-0.02872,0.0094638,-0.012103,0.018047,0.0045252,-0.0018862
"N-lactoyl tyrosine",0.0093271,-0.021147,-0.035397,0.025615,-0.037327,0.04194,0.014115,0.037425
"N-lactoyl valine",-0.0020292,0.0046826,-0.042597,0.02909,-0.0050307,0.019879,-0.035464,-0.030518
"X-07765",-0.18747,-0.10844,0.01834,-0.073243,-0.043701,-0.023099,0.065045,0.035143
"X-10445",0.002974,-0.018104,-0.039029,0.00059629,0.011198,0.026042,-0.018075,-0.0097174
"X-10457",0.01432,0.0046711,-0.0025484,-0.016007,0.032299,-0.03077,-0.0097055,1.8702e-05
"X-11580",0.010568,0.0070284,0.0058403,0.014809,0.0077291,-0.0065551,0.0091967,0.013943
"X-11612",0.085892,-0.049336,-0.085265,-0.0079942,-0.020843,0.026258,0.025711,-0.056445
"X-11615",0.068731,-0.077158,0.069339,-0.033925,-0.0057125,0.03394,-0.010047,0.012526
"X-11787",0.035551,0.018169,0.0098993,0.028623,0.015346,-0.0099684,0.0043843,0.017654
"X-12015",-0.036661,-0.017581,0.0086049,0.0030427,0.055319,0.016165,-0.020647,-0.0026309
"X-12100",-0.014661,-0.027867,0.019643,0.00048225,-0.018085,-0.028933,-0.0062372,-0.019214
"X-12101",0.0047858,-0.0098926,0.020989,0.01981,-0.01378,-0.0033499,-0.0093451,-0.004979
"X-12104",0.03708,0.014718,-0.014126,-0.0085771,-0.00722,0.016897,0.030286,0.005508
"X-12798",0.0043595,0.022923,-0.030378,0.0047197,-0.051687,0.01339,0.013178,0.056077
"X-14056",-0.07115,0.069189,-0.034638,0.013975,0.013186,-0.029594,0.0052352,-0.027725
"X-15136",-0.014038,-0.016557,0.008321,0.010649,-0.0014074,-0.010143,-0.036731,0.0017988
"X-15161",0.1031,-0.070896,-0.033956,-0.025072,-0.04241,0.023722,0.0033719,0.019184
"X-15220",0.011484,0.0038831,-0.036597,-0.0059027,0.0014116,-0.023609,-0.0050902,-0.00065165
"X-15461",0.016636,9.2122e-05,0.033656,0.018505,-0.069696,-0.013882,-0.038238,0.014863
"X-17335",-0.0042991,0.0059224,-0.013699,0.013204,-0.0020302,-0.00897,0.013452,-0.011932
"X-21353",0.0037868,0.015005,-0.010582,0.025262,-0.037424,-0.0026426,0.030831,-0.054438
"X-21788",-0.004108,-0.022825,0.005355,0.026537,-0.018132,0.0057361,0.017903,-0.010142
"X-22162",0.06766,-0.03974,0.01245,-0.078542,0.034441,-0.02267,0.0482,-0.084349
"X-22767",-0.2169,0.17039,0.044423,0.018621,0.026597,0.019791,-0.040349,0.045345
"X-22771",-0.001382,-0.0015253,-0.012803,0.023988,-0.0095049,0.035503,0.047171,0.0074916
"X-22772",0.00056294,0.00045775,-0.00073342,-0.0053208,0.0095462,-0.020492,-0.020121,-0.011545
"X-22773",-0.0053506,-0.012089,-0.0067316,-0.050748,-0.0047971,-0.017385,-0.018621,-0.021096
"X-22918",-0.013612,-0.010812,0.0033639,0.011463,0.01233,0.022859,-0.038702,-0.018999
"X-23739",-0.0071521,-0.0107,-0.00073987,-0.0046899,0.0027635,-0.0050285,0.00622,0.015623
"X-23782",0.0092863,-0.030294,0.020824,0.029393,0.00071429,0.033567,-0.0050445,0.0095223
"X-26106",0.016086,0.028426,-0.023482,0.010047,-0.051262,-0.056308,0.070086,-0.045263
"X-26107",-0.00736,0.040927,-0.014499,0.017036,-0.045513,-0.041485,0.060129,-0.046492
"X-26108",0.0010275,0.032304,-0.026197,0.016446,-0.025514,-0.019413,0.040924,-0.051094
