"","Comp. 1","Comp. 2","Comp. 3","Comp. 4","Comp. 5"
"X-07765",7.1402,6.3511,6.2401,6.2221,6.2206
"3-hydroxy-2-ethylpropionate",4.8729,4.2947,4.2429,4.2285,4.2274
"alpha-hydroxyisovalerate",4.7356,4.2021,4.1425,4.1285,4.1276
"N,N-dimethylalanine",4.5349,3.9193,3.8919,3.8912,3.8905
"tauro-beta-muricholate",4.2888,4.0198,3.9813,3.9685,3.9675
"2-hydroxy-3-methylvalerate",4.2038,3.7184,3.6866,3.6746,3.6739
"taurochenodeoxycholate",3.9625,3.7195,4.0103,3.9978,3.9979
"2S,3R-dihydroxybutyrate",3.8213,3.392,3.3389,3.3275,3.327
"glutamine_degradant*",3.731,3.7196,3.6803,3.7436,3.7429
"imidazole lactate",3.6055,3.2823,3.2253,3.2143,3.2135
"X-22767",3.5121,4.1025,4.0417,4.0284,4.0274
"1-methylhistidine",3.3333,2.9055,2.8552,2.8455,2.8449
"1-dihomo-linolenoyl-GPC (20:3n3 or 6)*",3.2849,2.8465,2.7964,2.7869,2.7864
"2,4-dihydroxybutyrate",3.2359,2.925,2.8782,2.8686,2.8678
"N-acetyl-aspartyl-glutamate (NAAG)",3.158,2.7098,2.6703,2.6617,2.6611
"CoA-glutathione*",3.0662,2.9657,2.9146,2.9047,2.9039
"pipecolate",2.8023,2.5183,2.4778,2.4695,2.4689
"phenol sulfate",2.7314,2.3462,2.3067,2.3053,2.3052
"7-HOCA",2.7252,2.3951,2.3562,2.3491,2.3486
"taurocholate",2.7,2.5491,2.5394,2.5311,2.5306
"arachidonoyl CoA",2.6954,2.313,2.2723,2.2652,2.2649
"N6-methyllysine",2.6675,2.7599,2.7134,2.7095,2.7096
"12-HETE",2.6238,2.5551,2.5103,2.5017,2.5013
"docosatrienoate (22:3n6)*",2.5982,2.2312,2.1933,2.1879,2.1874
"trizma acetate",2.5507,2.5324,2.5494,2.5428,2.5424
"1-stearoyl-GPS (18:0)*",2.5446,2.1928,2.1654,2.1781,2.1777
"2-hydroxybutyrate/2-hydroxyisobutyrate",2.5029,2.2341,2.1971,2.1902,2.1898
"acetyl-CoA",2.4666,2.3453,2.3043,2.2966,2.2961
"2'-AMP",2.441,2.5832,2.5381,2.5345,2.534
"CoA",2.3329,2.0529,2.0282,2.0216,2.0213
"NADH",2.2952,1.9673,1.9747,1.9705,1.97
"N-acetyl-2-aminooctanoate*",2.2604,1.9916,2.0037,1.997,1.9968
"adenosine 5'-diphosphoribose (ADP-ribose)",2.2507,2.4687,2.4317,2.4237,2.4232
"4-imidazoleacetate",2.1918,2.0111,1.9762,1.9696,1.9691
"ribulose/xylulose",2.1848,2.3041,2.2997,2.2931,2.2925
"leucylalanine",2.1558,1.8476,1.8268,1.8206,1.8202
"nisinate (24:6n3)",2.1421,1.8952,1.8622,1.8573,1.8568
"sphingomyelin (d18:1/22:1, d18:2/22:0, d16:1/24:1)*",2.0914,1.8988,1.8732,1.8686,1.8685
"cholate",2.0789,1.9795,2.0072,2.0021,2.0021
"1-methyl-5-imidazolelactate",2.0569,1.8527,1.8212,1.8187,1.819
"adenosine",2.0547,1.9996,1.9659,1.9607,1.9602
"2R,3R-dihydroxybutyrate",2.0262,1.7806,1.7646,1.7588,1.7587
"1-methyl-5-imidazoleacetate",2.0257,1.8295,1.8123,1.8068,1.8069
"anserine",1.9455,1.8025,1.7753,1.7692,1.7688
"beta-muricholate",1.9199,1.8659,1.8628,1.8608,1.8613
"1-eicosenoyl-GPE (20:1)*",1.8982,1.7026,1.673,1.6728,1.6724
"3-hydroxybutyryl CoA",1.8975,1.7328,1.711,1.7072,1.707
"nicotinamide N-oxide",1.8741,1.7618,1.7342,1.7286,1.7282
"formiminoglutamate",1.8598,1.646,1.7316,1.7346,1.7343
"docosapentaenoate (DPA; 22:5n3)",1.7997,1.8151,1.7858,1.7802,1.7798
"2'-deoxyuridine",1.7923,1.5377,1.5183,1.5133,1.513
"docosapentaenoate (n6 DPA; 22:5n6)",1.7713,1.6656,1.6418,1.6368,1.6364
"N,N,N-trimethyl-5-aminovalerate",1.7672,1.6533,1.6255,1.6201,1.6197
"3-decenoylcarnitine",1.7569,1.5057,1.4813,1.4766,1.4766
"p-cresol sulfate",1.7506,1.5,1.5276,1.5295,1.5306
"NAD+",1.7448,1.8152,1.7834,1.7813,1.7813
"1-arachidoyl-GPC (20:0)",1.7436,1.4967,1.4766,1.4716,1.4713
"retinol (vitamin A)",1.7311,1.5535,1.5405,1.5372,1.537
"X-15161",1.7242,1.9485,1.9326,1.9278,1.9274
"butyrate/isobutyrate (4:0)",1.7149,1.5906,1.6419,1.637,1.6377
"3'-dephospho-CoA-glutathione*",1.7006,1.5938,1.5685,1.5631,1.5627
"3'-dephosphocoenzyme A",1.6993,1.4575,1.4417,1.4369,1.4366
"ergothioneine",1.6799,1.6791,1.6502,1.6532,1.6531
"palmitoyl-linolenoyl-glycerol (16:0/18:3) [2]*",1.679,2.2178,2.2048,2.3896,2.389
"1-dihomo-linolenoyl-GPE (20:3n3 or 6)*",1.6754,1.4857,1.4596,1.4555,1.4555
"1-ribosyl-imidazoleacetate*",1.6742,1.5184,1.5041,1.5002,1.5
"isovalerylglycine",1.6428,1.4446,1.4263,1.4215,1.4214
"3-ureidopropionate",1.6415,1.5933,1.6085,1.6031,1.6027
"2-aminooctanoate",1.6402,1.4527,1.4503,1.4472,1.447
"sedoheptulose-7-phosphate",1.634,1.6228,1.5983,1.5931,1.5927
"1-oleoyl-2-linoleoyl-GPI (18:1/18:2)*",1.6208,1.3897,1.3818,1.3959,1.3968
"2'-deoxyadenosine",1.6151,1.5519,1.5257,1.5211,1.5208
"dihomolinolenate (20:3n3 or 3n6)",1.5967,1.5268,1.5012,1.4983,1.498
"2,3-dihydroxy-5-methylthio-4-pentenoate (DMTPA)*",1.5914,1.4211,1.3971,1.3957,1.3955
"phenylacetylglycine",1.5852,1.3625,1.3389,1.3386,1.3383
"maltotriose",1.5721,1.3935,1.7273,1.7371,1.7367
"1-nonadecanoyl-GPC (19:0)",1.5684,1.3714,1.3753,1.3716,1.3712
"homoarginine",1.5639,1.7389,1.7114,1.706,1.7061
"sucrose",1.5465,1.5166,1.5049,1.5199,1.521
"carnosine",1.5269,1.408,1.3873,1.3826,1.3823
"cis-4-decenoylcarnitine (C10:1)",1.5249,1.3642,1.3564,1.3519,1.3527
"acetylcarnitine (C2)",1.516,1.3485,1.3319,1.3274,1.327
"butyryl/isobutyryl CoA",1.5028,1.336,1.3176,1.3135,1.3142
"docosatrienoate (22:3n3)",1.4992,1.3772,1.3534,1.35,1.3498
"2-phosphoglycerate",1.4884,1.2931,1.3105,1.4044,1.4071
"bicine",1.4757,1.3108,1.2899,1.2944,1.294
"3-hydroxydecanoylcarnitine",1.4579,1.2523,1.2521,1.248,1.2485
"S-(1,2-dicarboxyethyl)glutathione",1.4442,1.2859,1.2658,1.2617,1.2614
"tauroursodeoxycholate",1.4389,1.3638,1.404,1.4001,1.3998
"adrenate (22:4n6)",1.4321,1.3378,1.3188,1.3145,1.3143
"mead acid (20:3n9)",1.4201,1.3344,1.3184,1.3151,1.3148
"1-nisinoyl-GPC (24:6)*",1.4112,1.2128,1.198,1.1992,1.199
"2,3-dihydroxyisovalerate",1.4107,1.2088,1.1938,1.1901,1.1898
"X-11787",1.4059,1.2618,1.2465,1.2446,1.2443
"2-aminoheptanoate",1.3991,1.3176,1.2985,1.2941,1.2947
"1-stearyl-2-arachidonoyl-GPC (O-18:0/20:4)*",1.3814,1.1868,1.1973,1.1994,1.1994
"oleoyl CoA",1.3754,1.3277,1.3043,1.3004,1.3001
"X-11612",1.3711,1.6258,1.6708,1.6653,1.6649
"4-methylcatechol sulfate",1.3657,1.1875,1.2466,1.2427,1.2442
"2-stearoyl-GPE (18:0)*",1.3577,1.5055,1.4925,1.4878,1.4876
"1-palmitoyl-GPG (16:0)*",1.3575,1.4973,1.4748,1.4715,1.4711
"NADHX*",1.3359,1.1467,1.166,1.1673,1.1671
"1-eicosapentaenoyl-GPC (20:5)*",1.3359,1.1551,1.1718,1.1681,1.1678
"1-eicosadienoyl-GPC* (20:2)*",1.3357,1.3637,1.3787,1.3744,1.3744
"1-oleoyl-GPC (18:1)",1.3276,1.2467,1.2248,1.221,1.2207
"N-acetylmethionine sulfoxide",1.3188,1.3067,1.2861,1.2823,1.2819
"hexanoylcarnitine (C6)",1.3093,1.9851,1.9502,1.9439,1.9435
"serotonin",1.3091,1.318,1.2963,1.2921,1.2918
"taurodeoxycholate",1.3025,1.2874,1.2878,1.2834,1.2831
"maltotetraose",1.3013,1.1275,1.4837,1.4899,1.4897
"X-22162",1.2879,1.2946,1.2762,1.2831,1.2829
"succinylcarnitine (C4-DC)",1.2861,1.2596,1.2832,1.2894,1.298
"2-myristoylglycerol (14:0)",1.2781,1.2296,1.2129,1.2101,1.2099
"10-heptadecenoate (17:1n7)",1.2633,1.2198,1.2004,1.1977,1.1979
"1-(1-enyl-palmitoyl)-GPC (P-16:0)*",1.2605,1.3103,1.2879,1.284,1.2838
"orotate",1.2593,1.083,1.0644,1.0608,1.0606
"X-12015",1.2566,1.0939,1.0783,1.0754,1.0758
"3-methylhistidine",1.2561,1.0903,1.0846,1.0811,1.0815
"histidine methyl ester",1.2535,1.0889,1.0713,1.0676,1.0674
"5-hydroxylysine",1.2497,1.0735,1.0559,1.0529,1.0528
"docosahexaenoate (DHA; 22:6n3)",1.2424,1.4406,1.424,1.4204,1.4201
"uracil",1.2329,1.2205,1.22,1.2159,1.2157
"2-heptadecenoylglycerol (17:1)*",1.2233,1.0733,1.073,1.0728,1.0727
"1-arachidonoyl-GPC (20:4n6)*",1.2231,1.078,1.0604,1.0604,1.0603
"ribose",1.221,1.4847,1.4592,1.4547,1.4543
"X-12104",1.2192,1.0545,1.0405,1.0371,1.0369
"linoleoyl-linolenoyl-glycerol (18:2/18:3) [2]*",1.2116,1.246,1.2247,1.2234,1.2233
"6-phosphogluconate",1.2101,1.0761,1.1091,1.107,1.1067
"1-(1-enyl-oleoyl)-GPE (P-18:1)*",1.2095,1.3271,1.3138,1.3098,1.3095
"1-eicosenoyl-GPC (20:1)*",1.1977,1.0394,1.0217,1.0189,1.0188
"1-oleoyl-GPE (18:1)",1.1944,1.265,1.2428,1.2395,1.2392
"1-linoleoyl-GPE (18:2)*",1.1823,1.1895,1.17,1.167,1.1668
"3-hydroxyoctanoylcarnitine (1)",1.1772,1.0408,1.0284,1.025,1.0258
"palmitoleate (16:1n7)",1.1748,1.1077,1.0934,1.0899,1.09
"nicotinamide ribonucleotide (NMN)",1.1732,1.6607,1.6316,1.6275,1.6273
"sphingosine 1-phosphate",1.1711,1.0038,0.98621,0.98517,0.98497
"arabitol/xylitol",1.1703,1.0109,0.99751,0.9952,0.99496
"stearoylcholine*",1.1697,1.1859,1.1651,1.1611,1.1609
"1-arachidonoyl-GPE (20:4n6)*",1.1663,1.0304,1.0183,1.0225,1.0223
"3-phosphoglycerate",1.1645,1.0236,1.0318,1.0312,1.031
"thymine",1.1606,1.0052,0.99572,0.99571,0.99546
"2-docosahexaenoylglycerol (22:6)*",1.1584,1.0252,1.0114,1.008,1.0078
"heneicosapentaenoate (21:5n3)",1.1546,1.272,1.251,1.2477,1.2475
"X-14056",1.1503,1.3459,1.3307,1.3267,1.3264
"hydroxyproline",1.145,0.98431,0.96804,0.96508,0.965
"N-monomethylarginine",1.1433,1.1186,1.1009,1.0973,1.0982
"N6-carboxymethyllysine",1.1422,1.0315,1.0148,1.0114,1.0111
"AICA ribonucleotide",1.1417,0.97999,0.97542,0.97253,0.97278
"1-dihomo-linoleoylglycerol (20:2)",1.1386,0.98489,0.96785,0.96456,0.96472
"taurocyamine",1.1345,0.99502,0.98219,0.98037,0.98101
"2-linoleoylglycerol (18:2)",1.1335,1.0824,1.0639,1.0623,1.0623
"ophthalmate",1.1284,1.0461,1.0317,1.0304,1.0306
"N-acetylmethionine",1.1207,1.1113,1.0962,1.0926,1.0923
"dihomo-linolenoylcarnitine (C20:3n3 or 6)*",1.1162,1.0236,1.0232,1.0228,1.0226
"glutathione, reduced (GSH)",1.1048,0.95407,0.93764,0.93458,0.93435
"gamma-tocopherol/beta-tocopherol",1.1033,0.95786,0.94139,0.9387,0.93847
"p-cresol glucuronide*",1.0996,0.95257,0.93763,0.94223,0.94219
"5-dodecenoylcarnitine (C12:1)",1.0969,1.6511,1.6221,1.6189,1.6185
"1-margaroyl-GPE (17:0)*",1.0933,1.4068,1.3843,1.38,1.3796
"nonadecanoate (19:0)",1.0908,1.0214,1.01,1.0139,1.0145
"linoleoylcholine*",1.0891,1.1316,1.1125,1.1087,1.1085
"N-glycolylneuraminate",1.0877,1.0638,1.0488,1.0457,1.0454
"2-arachidonoylglycerol (20:4)",1.084,1.0918,1.0831,1.0878,1.0875
"ceramide (d18:2/24:1, d18:1/24:2)*",1.0839,0.9933,0.98148,0.9795,0.97925
"butyrylcarnitine (C4)",1.0813,2.1755,2.1374,2.1302,2.1297
"10-nonadecenoate (19:1n9)",1.0794,1.1338,1.1151,1.1128,1.1131
"pyridoxate",1.0788,1.0289,1.068,1.0735,1.0732
"X-11615",1.0743,1.303,1.3136,1.3116,1.3112
"1-stearoyl-GPG (18:0)",1.0726,1.1073,1.0922,1.091,1.0908
"maleate",1.0712,0.98404,0.96777,0.9646,0.96435
"glycerophosphorylcholine (GPC)",1.0657,0.92166,0.90543,0.90308,0.90287
"taurohyodeoxycholic acid",1.0619,1.0395,1.0376,1.0341,1.0344
"succinate",1.053,1.4417,1.4202,1.4155,1.4151
"1-stearoyl-2-dihomo-linolenoyl-GPC (18:0/20:3n3 or 6)*",1.0477,0.89845,0.91062,0.90919,0.90898
"phosphoenolpyruvate (PEP)",1.0428,0.91287,0.96833,0.96811,0.96788
"2-oleoylglycerol (18:1)",1.0401,0.98001,0.96376,0.96333,0.96329
"1-stearoyl-GPE (18:0)",1.0385,1.2782,1.2578,1.254,1.2536
"1-docosahexaenoyl-GPC (22:6)*",1.037,1.0158,1.0087,1.0065,1.0063
"3-hydroxyoctanoylcarnitine (2)",1.0362,0.8991,0.89313,0.89008,0.89025
"1-palmityl-2-stearoyl-GPC (O-16:0/18:0)*",1.0355,0.90851,0.8926,0.89072,0.89053
"1-linoleoyl-GPC (18:2)",1.032,0.93635,0.92431,0.92123,0.92102
"1-palmitoleoyl-GPC (16:1)*",1.0304,1.0063,0.9886,0.98523,0.98511
"arachidonate (20:4n6)",1.0286,1.1337,1.1166,1.1152,1.115
"linoleate (18:2n6)",1.0281,1.0257,1.0108,1.0091,1.0093
"1-adrenoyl-GPC (22:4)*",1.0218,1.8299,1.8083,1.8025,1.8022
"eicosenoate (20:1n9 or 1n11)",1.0209,1.0717,1.0529,1.0547,1.0552
"glucose",1.0167,0.96783,1.0894,1.0876,1.0873
"3'-AMP",1.0155,0.9341,0.91996,0.92135,0.92127
"AMP",1.0129,0.96015,0.94336,0.94014,0.93995
"erythronate*",0.99796,0.9021,0.88641,0.88345,0.88325
"gamma-glutamylisoleucine*",0.99078,0.88579,0.87278,0.87042,0.87025
"glycerol 3-phosphate",0.98085,1.4712,1.456,1.4512,1.4508
"1-pentadecanoyl-GPC (15:0)*",0.97097,0.88367,0.90786,0.90612,0.90611
"sedoheptulose",0.96831,1.1767,1.2345,1.2312,1.2309
"N6-succinyladenosine",0.95965,0.82251,0.80882,0.80757,0.8074
"orotidine",0.95826,0.8265,0.81215,0.80942,0.80923
"2-hydroxydecanoate",0.95594,0.82316,0.81225,0.80957,0.81153
"1-palmitoleoyl-GPI (16:1)*",0.95429,0.83925,0.82494,0.82299,0.82279
"octanoylcarnitine (C8)",0.9507,1.6747,1.6459,1.6429,1.6425
"(14 or 15)-methylpalmitate (a17:0 or i17:0)",0.95013,0.88053,0.86771,0.8677,0.86912
"trans-urocanate",0.94996,0.83974,0.82519,0.82398,0.82388
"dihomolinoleate (20:2n6)",0.94897,1.0906,1.0726,1.0712,1.0716
"2-hydroxyoctanoate",0.94833,0.89142,0.8957,0.90168,0.90213
"2-hydroxystearate",0.94626,1.2813,1.3214,1.3172,1.3172
"palmitoylcholine",0.94188,0.95634,0.94258,0.93959,0.93938
"2-stearoyl-GPI (18:0)*",0.93418,0.95303,0.93882,0.94178,0.94155
"gamma-glutamylglutamine",0.93213,0.93445,0.91843,0.91988,0.91974
"margarate (17:0)",0.92263,0.9305,0.9152,0.91398,0.91497
"glycerophosphoglycerol",0.9214,0.79726,0.78586,0.7832,0.78305
"oleoylcholine",0.91582,0.89959,0.88472,0.88262,0.88243
"18-methylnonadecanoate (i20:0)",0.91408,0.93,0.943,0.95825,0.9588
"oleate/vaccenate (18:1)",0.90821,0.87503,0.86298,0.86142,0.86166
"2-palmitoyl-GPC (16:0)*",0.90806,0.7977,0.78475,0.7825,0.78257
"propionylcarnitine (C3)",0.90718,0.84653,0.84127,0.84039,0.84085
"glycerophosphoethanolamine",0.90678,0.77714,0.76573,0.76366,0.76348
"1-heptadecenoylglycerol (17:1)*",0.88925,0.80158,0.80663,0.81093,0.81088
"N-(ADP-ribosyl)-arginine (2)*",0.88713,0.86439,0.84917,0.87756,0.87942
"pantothenate (Vitamin B5)",0.88623,0.80059,0.7867,0.78434,0.7842
"thiamin (vitamin B1)",0.88336,1.3647,1.3439,1.3394,1.3391
"thymidine",0.88013,0.828,0.82068,0.81877,0.8186
"aspartylaspartate",0.87966,0.77563,0.77172,0.77272,0.77328
"1-stearoyl-2-dihomo-linolenoyl-GPE (18:0/20:3n3 or 6)*",0.87717,0.75717,0.74808,0.74565,0.74571
"(2 or 3)-decenoate (10:1n7 or n8)",0.87333,0.78429,0.77307,0.7726,0.77534
"gamma-glutamylthreonine",0.86912,0.75024,0.73716,0.73619,0.73607
"1-oleoyl-GPG (18:1)*",0.86325,0.80404,0.79001,0.79081,0.79073
"hexanoylglycine (C6)",0.86298,0.73957,0.81883,0.81846,0.81839
"1-docosahexaenoylglycerol (22:6)",0.8605,0.75881,0.75842,0.75721,0.75724
"oleoyl ethanolamide",0.85939,0.7759,0.76225,0.76347,0.76334
"isovalerylcarnitine (C5)",0.85737,1.0622,1.0562,1.0551,1.055
"3-hydroxyarachidate*",0.85014,0.72846,0.71604,0.74211,0.74469
"docosadienoate (22:2n6)",0.84997,0.8928,0.87727,0.87978,0.87988
"1-methylhistamine",0.84573,0.76778,0.76892,0.76833,0.76819
"N-(ADP-ribosyl)-arginine (1)*",0.84569,0.75116,0.7479,0.75782,0.75837
"5-methylcytidine",0.84214,1.1627,1.1437,1.1436,1.1433
"stearate (18:0)",0.83741,0.87526,0.86024,0.86086,0.86199
"2-O-methylascorbic acid",0.83683,0.71773,0.70592,0.70559,0.70541
"1-linolenoylglycerol (18:3)",0.83361,0.83268,0.81806,0.8172,0.81709
"1-stearoyl-2-meadoyl-GPC (18:0/20:3n9)*",0.83125,0.72351,0.71877,0.71655,0.71642
"inosine 5'-monophosphate (IMP)",0.82878,0.75295,0.74872,0.74737,0.7472
"1-palmityl-GPC (O-16:0)",0.82517,0.71014,0.71597,0.71637,0.71723
"hexadecatrienoate (16:3n3)",0.82125,0.78734,0.7735,0.77184,0.77212
"uridine 5'-diphosphate (UDP)",0.82036,0.79788,0.7896,0.79611,0.79596
"myristate (14:0)",0.82019,0.84223,0.83292,0.83089,0.8316
"1-(1-enyl-palmitoyl)-2-linoleoyl-GPC (P-16:0/18:2)*",0.81989,0.70941,0.70129,0.69892,0.69875
"4-HDoHE",0.8175,0.88805,0.87394,0.87172,0.8716
"succinylglutamine",0.81647,0.7218,0.71293,0.71052,0.71277
"gamma-glutamylhistidine",0.81516,0.72424,0.71232,0.70989,0.70971
"glucuronate",0.81416,0.71053,0.69804,0.69566,0.69553
"gluconate",0.80516,0.74876,0.76071,0.7587,0.75851
"1-palmitoyl-GPE (16:0)",0.80398,1.1019,1.0882,1.0845,1.0842
"N-stearoyltaurine",0.79881,0.71399,0.70397,0.70751,0.70765
"1-palmitoyl-2-arachidonoyl-GPI (16:0/20:4)*",0.7987,0.68958,0.67881,0.67666,0.67674
"sphingomyelin (d18:1/24:1, d18:2/24:0)*",0.7907,0.72738,0.71937,0.71758,0.71745
"lignoceroyl sphingomyelin (d18:1/24:0)",0.78746,0.76949,0.78299,0.78057,0.78062
"pentadecanoate (15:0)",0.78663,0.71633,0.70373,0.70175,0.70195
"3-indoxyl sulfate",0.78172,0.97411,0.96873,0.97692,0.97673
"X-26106",0.7814,0.7401,0.74036,0.73793,0.73882
"palmitoleoyl ethanolamide*",0.78035,0.66889,0.69299,0.69071,0.6906
"erucate (22:1n9)",0.77942,1.0465,1.0304,1.0287,1.0299
"linoleoylcarnitine (C18:2)*",0.7786,0.72191,0.71027,0.71164,0.71147
"1,2-dipalmitoyl-GPG (16:0/16:0)",0.77671,0.83189,0.82708,0.82623,0.82613
"2'-deoxyguanosine",0.77425,0.69495,0.68605,0.68528,0.68518
"5,6-dihydrouridine",0.77345,0.6683,0.66621,0.66653,0.66669
"linolenate (18:3n3 or 3n6)",0.77145,0.73172,0.71893,0.71865,0.72049
"1-linoleoyl-2-arachidonoyl-GPE (18:2/20:4)*",0.76965,0.6663,0.68893,0.6899,0.68997
"X-12100",0.76947,0.74406,0.73667,0.73431,0.73433
"indolelactate",0.76918,0.68453,0.67248,0.67127,0.67123
"palmitate (16:0)",0.76828,0.72674,0.71567,0.71392,0.71435
"1-(1-enyl-palmitoyl)-GPE (P-16:0)*",0.76822,1.0672,1.0572,1.0539,1.0537
"oxindolylalanine",0.76559,0.7028,0.69159,0.68927,0.68925
"(16 or 17)-methylstearate (a19:0 or i19:0)",0.76248,0.87341,0.86053,0.86287,0.86359
"1-linolenoyl-GPC (18:3)*",0.7564,0.72831,0.72515,0.72275,0.7226
"citrate",0.75369,1.1157,1.103,1.0994,1.0993
"1-palmitoyl-GPC (16:0)",0.75121,0.70605,0.69372,0.69142,0.69126
"tiglyl carnitine (C5)",0.74775,0.64856,0.66158,0.65974,0.65962
"myristoylcholine*",0.74491,0.80493,0.79601,0.79377,0.7936
"N-oleoyltaurine",0.74291,0.65136,0.64009,0.64334,0.64355
"O-sulfo-tyrosine",0.74182,0.68406,0.68301,0.68338,0.68326
"N-acetylserine",0.74144,0.63952,0.62833,0.62678,0.62672
"eicosapentaenoate (EPA; 20:5n3)",0.74058,0.98878,0.97213,0.96915,0.96903
"phenyllactate (PLA)",0.7387,0.87155,0.89219,0.8892,0.88899
"N-acetylglucosamine/N-acetylgalactosamine",0.73745,1.2292,1.2311,1.2331,1.2328
"4-cholesten-3-one",0.73364,0.69878,0.69094,0.68881,0.68874
"N1-methyl-4-pyridone-3-carboxamide",0.73097,0.64201,0.65363,0.66341,0.66324
"propionyl CoA",0.72836,0.65089,0.65686,0.65478,0.65519
"sebacate (C10-DC)",0.72798,0.64232,0.63692,0.63548,0.63535
"docosatrienoylcarnitine (C22:3)*",0.72632,1.0753,1.1393,1.1398,1.1396
"1-palmityl-GPE (O-16:0)*",0.72574,0.83454,0.86725,0.87667,0.87745
"14-HDoHE/17-HDoHE",0.72149,1.9435,1.9473,1.9646,1.9655
"N-acetyltyrosine",0.72093,0.69991,0.69699,0.71269,0.71672
"glycosyl-N-palmitoyl-sphingosine (d18:1/16:0)",0.71978,0.61691,0.62354,0.66678,0.66686
"glycerol",0.71808,0.71216,0.70098,0.69879,0.69878
"(S)-3-hydroxybutyrylcarnitine",0.71799,1.0392,1.0211,1.0178,1.0181
"1-palmitoyl-2-linoleoyl-GPI (16:0/18:2)",0.71499,0.61264,0.60192,0.60241,0.60234
"2'-deoxycytidine",0.71443,0.62597,0.61544,0.61347,0.61335
"3-methoxytyrosine",0.71381,0.85691,0.84191,0.83917,0.83896
"argininosuccinate",0.71335,1.0164,1.014,1.0111,1.0108
"sphingomyelin (d18:2/24:1, d18:1/24:2)*",0.70667,0.62639,0.6176,0.61741,0.61735
"1-arachidonoyl-GPI (20:4)*",0.7059,0.80769,0.79393,0.79403,0.79389
"carboxyethyl-GABA",0.70412,0.81699,0.80534,0.8026,0.80244
"itaconate",0.70354,0.63465,0.63794,0.63576,0.63567
"1-linoleoylglycerol (18:2)",0.70083,0.70666,0.69485,0.69606,0.69603
"1-myristoyl-GPC (14:0)",0.69827,0.73887,0.72598,0.72371,0.72386
"1-linoleoyl-GPG (18:2)*",0.69428,0.70174,0.6897,0.70032,0.70023
"2-palmitoleoyl-GPC (16:1)*",0.69328,0.86192,0.87164,0.86996,0.86975
"linoleoyl-docosahexaenoyl-glycerol (18:2/22:6) [2]*",0.69046,0.59946,0.63611,0.64252,0.64269
"3-hydroxyhexanoylcarnitine (2)",0.68496,0.59669,0.60048,0.59858,0.59847
"spermidine",0.68249,0.63195,0.62276,0.62095,0.62083
"13-HODE + 9-HODE",0.68233,0.92279,0.92467,0.92328,0.92365
"hexadecadienoate (16:2n6)",0.67707,0.74586,0.73892,0.73763,0.73776
"N-palmitoyl-sphingadienine (d18:2/16:0)*",0.67675,0.97716,0.95996,0.95681,0.95664
"sphingomyelin (d18:2/23:0, d18:1/23:1, d17:1/24:1)*",0.67664,0.61236,0.60938,0.60775,0.60761
"sphingomyelin (d18:1/22:2, d18:2/22:1, d16:1/24:2)*",0.67601,0.63197,0.63086,0.63159,0.63151
"arachidate (20:0)",0.67549,0.79899,0.78683,0.78802,0.78927
"ascorbate (vitamin C)",0.67387,0.67637,0.67415,0.69132,0.69192
"3-hydroxyisobutyrate",0.66659,0.59377,0.61187,0.60989,0.61003
"3-hydroxyoleoylcarnitine",0.66516,0.72529,0.71889,0.71643,0.71768
"prolylalanine",0.66322,0.57361,0.57579,0.57538,0.57575
"1-linoleoyl-GPI* (18:2)*",0.66087,0.88982,0.87455,0.87237,0.87233
"docosahexaenoylcarnitine (C22:6)*",0.6587,0.95358,1.0049,1.0015,1.0019
"2-aminoadipate",0.65223,0.68288,0.67231,0.67124,0.67136
"O-methyltyrosine",0.64719,0.56507,0.56335,0.56183,0.5617
"allantoin",0.63924,0.54909,0.54076,0.54247,0.54246
"1-(1-enyl-palmitoyl)-2-oleoyl-GPE (P-16:0/18:1)*",0.6388,0.56536,0.56111,0.56208,0.56211
"1-arachidonylglycerol (20:4)",0.63659,0.68214,0.67279,0.67756,0.67742
"N-acetylglutamine",0.63257,0.54205,0.53649,0.53466,0.53454
"betaine",0.63151,0.74832,0.73514,0.73278,0.7326
"N-arachidonoyltaurine",0.62997,0.56493,0.55599,0.56032,0.56021
"tricosanoyl sphingomyelin (d18:1/23:0)*",0.6292,0.61969,0.61867,0.61664,0.61659
"butyrylglycine (C4)",0.62882,0.57953,0.58532,0.59289,0.59401
"1-linoleoyl-GPS (18:2)*",0.62824,0.54181,0.57329,0.57871,0.57857
"adenylosuccinate",0.62733,0.65539,0.6439,0.64175,0.64171
"X-15461",0.62632,0.55562,0.57511,0.57315,0.57518
"1-(1-enyl-palmitoyl)-2-linoleoyl-GPE (P-16:0/18:2)*",0.6249,0.5512,0.54154,0.5397,0.53956
"4-hydroxynonenal",0.62486,0.9644,0.97583,0.98124,0.98162
"putrescine",0.62376,0.57872,0.56995,0.56817,0.56807
"gamma-aminobutyrate (GABA)",0.62064,0.80862,0.83516,0.83658,0.83662
"linoleoyl-linoleoyl-glycerol (18:2/18:2) [2]*",0.6181,0.60116,0.59392,0.59494,0.59498
"inositol 1-phosphate (I1P)",0.61664,0.5285,0.54381,0.54198,0.5419
"2-hydroxyheptanoate*",0.60902,0.60885,0.70065,0.71706,0.71752
"pseudouridine",0.60806,0.52734,0.53342,0.53922,0.53912
"N-acetylarginine",0.60787,0.53667,0.52762,0.52626,0.52625
"hypoxanthine",0.60518,0.7421,0.74035,0.7379,0.73773
"acetylcholine",0.6023,0.77529,0.88781,0.90517,0.90521
"X-15136",0.60198,0.55146,0.54586,0.54442,0.5443
"2'-deoxyadenosine 5'-monophosphate",0.60073,0.51502,0.50739,0.51784,0.51797
"1,2-dilinoleoyl-GPE (18:2/18:2)*",0.59993,0.53729,0.53273,0.53094,0.53156
"Isobar: hexose diphosphates",0.59867,1.8822,2.0193,2.0245,2.024
"pyridoxamine",0.59863,0.51801,0.50892,0.51101,0.511
"xanthine",0.59846,0.73949,0.72687,0.7251,0.72494
"N-linoleoyltaurine*",0.59516,0.53576,0.53326,0.53733,0.53746
"homocitrulline",0.59347,0.51149,0.51203,0.51651,0.51685
"1-stearoyl-2-docosahexaenoyl-GPI (18:0/22:6)*",0.59163,0.54224,0.58294,0.58105,0.58109
"lysine",0.58666,0.5593,0.54946,0.54896,0.54925
"12-HHTrE",0.58544,1.3723,1.3482,1.3438,1.3442
"1-stearoyl-GPI (18:0)",0.58348,0.82419,0.81451,0.81225,0.81211
"gamma-glutamylvaline",0.58312,0.50108,0.52796,0.53262,0.53256
"2-palmitoleoylglycerol (16:1)*",0.58151,0.50586,0.50539,0.50706,0.5084
"1,2-dilinolenoyl-GPC (18:3/18:3)*",0.58137,0.53138,0.55347,0.55228,0.55311
"valylleucine",0.58133,0.65163,0.648,0.649,0.64922
"inosine",0.57661,0.68486,0.67593,0.67365,0.67351
"myo-inositol",0.57413,0.49201,0.48337,0.48182,0.48201
"4-hydroxybutyrate (GHB)",0.56979,0.71411,0.71004,0.7153,0.71513
"N-acetylglucosamine 6-phosphate",0.56942,0.66372,0.67449,0.673,0.67286
"heme",0.56548,0.65052,0.64121,0.64585,0.64681
"ribitol",0.56107,0.69809,0.72023,0.71985,0.71968
"N-palmitoleoyltaurine*",0.55869,0.70695,0.69545,0.69445,0.69447
"2-palmitoylglycerol (16:0)",0.55484,0.75697,0.7455,0.74718,0.74761
"adenosine 3',5'-diphosphate",0.55412,0.47507,0.46925,0.46767,0.46755
"hexadecasphingosine (d16:1)*",0.55105,0.47218,0.46391,0.46333,0.46321
"palmitoloelycholine",0.55038,0.56685,0.55688,0.55505,0.55494
"myristoleate (14:1n5)",0.54827,0.50075,0.49282,0.49831,0.49951
"3-hydroxyoctanoate",0.54674,0.49808,0.49731,0.49584,0.49592
"S-adenosylhomocysteine (SAH)",0.54479,0.60676,0.59663,0.59562,0.59564
"1,5-anhydroglucitol (1,5-AG)",0.53991,0.48786,0.47964,0.48298,0.48294
"1-palmitoleoyl-2-linolenoyl-GPC (16:1/18:3)*",0.53654,0.47376,0.46542,0.4639,0.46386
"salicylate",0.53575,0.81418,0.82582,0.82427,0.82432
"palmitoyl-docosahexaenoyl-glycerol (16:0/22:6) [2]*",0.53284,0.45717,0.46839,0.47751,0.47747
"N-acetylasparagine",0.53262,0.45655,0.45029,0.44953,0.44944
"1-palmitoleoyl-GPE (16:1)*",0.53062,0.81883,0.80675,0.80427,0.8041
"sphinganine",0.52556,0.45524,0.44848,0.44827,0.44829
"isoleucylhydroxyproline*",0.52429,0.46062,0.47833,0.47677,0.47666
"quinate",0.52423,0.47946,0.47439,0.47293,0.4729
"gamma-glutamyl-alpha-lysine",0.51685,0.56043,0.56627,0.57356,0.57605
"(R)-3-hydroxybutyrylcarnitine",0.51357,0.46309,0.45648,0.45557,0.45546
"X-22918",0.51341,0.45564,0.45095,0.45085,0.45083
"glycylleucine",0.51202,0.69576,0.68373,0.68156,0.68144
"C-glycosyltryptophan",0.51091,0.51858,0.51755,0.51617,0.51606
"pentadecanoylcarnitine (C15)*",0.51026,0.46356,0.56637,0.56479,0.56554
"methylsuccinate",0.50958,0.44659,0.4408,0.43929,0.43923
"glycylproline",0.50879,0.64628,0.63754,0.63537,0.63524
"1-methylguanidine",0.50863,0.44389,0.43743,0.43665,0.43658
"linoleoyl-arachidonoyl-glycerol (18:2/20:4) [2]*",0.505,0.44379,0.49678,0.50323,0.50317
"UDP-glucose",0.50455,0.62056,0.7352,0.73312,0.73294
"stearoyl-arachidonoyl-glycerol (18:0/20:4) [1]*",0.5034,0.58856,0.59891,0.59842,0.60041
"stearoyl ethanolamide",0.50286,0.67352,0.66335,0.66109,0.66094
"3-hydroxyadipate",0.50212,0.8198,0.82173,0.81898,0.8191
"myristoleoylcarnitine (C14:1)*",0.49793,1.5442,1.5171,1.5141,1.5138
"1-palmitoleoylglycerol (16:1)*",0.49342,0.77515,0.76864,0.77902,0.77885
"prolylglycine",0.49161,0.43785,0.44469,0.44435,0.44439
"2'-deoxyinosine",0.49072,0.53005,0.55104,0.54929,0.54916
"3-methylglutaconate",0.4905,0.46154,0.48679,0.49309,0.49311
"alpha-ketoglutarate",0.48958,0.67921,0.67335,0.6768,0.67777
"prolylproline",0.48924,0.43001,0.46435,0.46278,0.46276
"1-stearoyl-2-dihomo-linolenoyl-GPS (18:0/20:3n3 or 6)*",0.4889,0.45871,0.45352,0.45838,0.45827
"malonylcarnitine",0.4882,0.47303,0.47239,0.47167,0.47179
"UDP-galactose",0.48643,0.96697,1.2561,1.2548,1.2545
"glutamate",0.48443,0.42206,0.41467,0.41329,0.41323
"1-arachidoyl-2-arachidonoyl-GPC (20:0/20:4)*",0.48171,0.7966,0.88549,0.89455,0.8944
"ascorbic acid 3-sulfate*",0.47765,0.42641,0.53807,0.53909,0.53926
"3-aminoisobutyrate",0.47517,0.46949,0.46527,0.46409,0.46404
"1-(1-enyl-stearoyl)-GPE (P-18:0)*",0.47311,0.88363,0.87614,0.87443,0.87425
"imidazole propionate",0.47214,0.54927,0.55003,0.54849,0.55035
"1-linoleoyl-2-arachidonoyl-GPC (18:2/20:4n6)*",0.47206,0.40513,0.42667,0.42713,0.42702
"3-hydroxy-3-methylglutarate",0.47205,0.41142,0.41199,0.41058,0.41071
"isoleucylglycine",0.4689,0.8775,0.8733,0.87095,0.87096
"X-11580",0.46816,0.43258,0.43104,0.43141,0.43133
"X-22773",0.467,0.5077,0.52605,0.53985,0.53977
"3-hydroxyoleate*",0.46624,0.40582,0.40479,0.41284,0.4189
"N-acetylhistidine",0.4641,0.4056,0.40034,0.39906,0.39898
"o-tyrosine",0.46407,0.41669,0.41157,0.41163,0.41181
"maltitol/lactitol/cellobiotol/palatinol",0.46359,0.72238,0.72217,0.7285,0.73108
"methylsuccinoylcarnitine",0.45626,0.39414,0.38754,0.38648,0.3864
"N-acetylleucine",0.45531,0.40294,0.41337,0.41292,0.41486
"X-10457",0.45499,0.39186,0.38688,0.38633,0.38654
"mannose",0.45396,1.0913,1.2423,1.2424,1.2421
"1-(1-enyl-stearoyl)-2-docosahexaenoyl-GPC (P-18:0/22:6)*",0.45146,0.39455,0.40218,0.40189,0.40197
"trimethylamine N-oxide",0.45097,0.48654,0.5679,0.58762,0.58747
"S-methylglutathione",0.44938,0.43346,0.42593,0.42448,0.42489
"methylphosphate",0.44525,0.40235,0.40304,0.40172,0.40164
"1-stearoyl-2-oleoyl-GPS (18:0/18:1)",0.4429,0.37964,0.3852,0.3842,0.38423
"galactonate",0.44181,0.38802,0.38159,0.381,0.38092
"1-oleoyl-2-arachidonoyl-GPE (18:1/20:4)*",0.44051,0.40885,0.4454,0.4476,0.44772
"N-acetyl-beta-alanine",0.43857,0.38117,0.37467,0.37436,0.37438
"1-myristoyl-2-palmitoyl-GPC (14:0/16:0)",0.43817,0.3818,0.37515,0.37434,0.37427
"1-oleoyl-2-arachidonoyl-GPI (18:1/20:4)*",0.43795,0.38352,0.39689,0.39565,0.39623
"ribonate",0.4378,0.43686,0.42941,0.42794,0.42786
"trigonelline (N'-methylnicotinate)",0.43738,0.39839,0.40932,0.41756,0.4182
"1-palmitoyl-GPI (16:0)",0.43701,0.76297,0.75294,0.75037,0.75019
"1-palmityl-2-linoleoyl-GPC (O-16:0/18:2)*",0.43674,0.37465,0.38373,0.38319,0.3831
"1-linoleoyl-2-linolenoyl-GPC (18:2/18:3)*",0.4346,0.39543,0.38923,0.38841,0.38856
"ceramide (d18:1/17:0, d17:1/18:0)*",0.43349,0.66803,0.65627,0.65542,0.65525
"3-(4-hydroxyphenyl)lactate (HPLA)",0.43308,0.39394,0.39187,0.395,0.39552
"1-stearoyl-2-dihomo-linolenoyl-GPI (18:0/20:3n3 or 6)*",0.43305,0.5152,0.50615,0.50479,0.50468
"erucoylcarnitine (C22:1)*",0.43293,0.69042,0.83367,0.83105,0.83116
"S-adenosylmethionine (SAM)",0.43187,0.38562,0.37933,0.37804,0.37795
"1-myristoylglycerol (14:0)",0.42801,0.38536,0.38734,0.38798,0.38863
"1-oleoyl-GPI (18:1)",0.42312,0.89664,0.8811,0.87891,0.87869
"1-stearoyl-2-linoleoyl-GPG (18:0/18:2)*",0.4212,0.47896,0.47793,0.47723,0.47711
"hydroxypalmitoyl sphingomyelin (d18:1/16:0(OH))**",0.42047,0.49844,0.49237,0.49077,0.49065
"1-methyladenosine",0.42042,0.609,0.61431,0.6137,0.61375
"1-(1-enyl-stearoyl)-2-docosahexaenoyl-GPE (P-18:0/22:6)*",0.41901,0.39098,0.3898,0.38848,0.38844
"gulonate*",0.4186,0.36005,0.37273,0.37232,0.37226
"X-26108",0.41833,0.52928,0.53347,0.53212,0.53231
"cystathionine",0.41829,0.38422,0.37787,0.3768,0.37698
"nervonoylcarnitine (C24:1)*",0.41754,0.89473,0.98436,0.981,0.98095
"N,N-dimethyl-pro-pro",0.4171,0.39268,0.43267,0.4312,0.43157
"tetracosadienoylcarnitine (C24:2)*",0.41678,1.1334,1.255,1.254,1.2538
"1-palmitoyl-2-gamma-linolenoyl-GPC (16:0/18:3n6)*",0.41674,0.37282,0.39786,0.39651,0.39641
"glycylvaline",0.41648,0.45627,0.45192,0.45041,0.45032
"thiamin diphosphate",0.4161,0.42056,0.42801,0.42746,0.42743
"docosadienoylcarnitine (C22:2)*",0.41429,0.61838,0.7795,0.7775,0.77775
"docosahexaenoyl ethanolamide",0.41135,0.74645,0.75466,0.75218,0.752
"thiamin monophosphate",0.41079,0.50167,0.50263,0.50126,0.50113
"1-stearoyl-GPC (18:0)",0.40839,0.49593,0.48726,0.48562,0.48554
"N-acetyltryptophan",0.40595,1.0522,1.0465,1.0434,1.0433
"1,2-distearoyl-GPC (18:0/18:0)",0.40549,0.39692,0.53375,0.5362,0.53609
"erythrose 4-phosphate",0.40341,1.8449,1.8231,1.8202,1.8198
"5-methyluridine (ribothymidine)",0.40085,1.1188,1.1025,1.0988,1.0986
"eicosenoylcarnitine (C20:1)*",0.40069,0.85426,0.89934,0.89755,0.89748
"1-methylnicotinamide",0.40013,0.34324,0.38082,0.38636,0.38627
"stearidonate (18:4n3)",0.39801,0.36813,0.43866,0.44347,0.44414
"dehydroascorbate",0.39778,0.49155,0.50536,0.51194,0.51182
"X-21788",0.39371,0.43534,0.4359,0.4378,0.43781
"arabonate/xylonate",0.39341,0.40643,0.4029,0.40154,0.40151
"behenoyl sphingomyelin (d18:1/22:0)*",0.39122,0.35861,0.35679,0.35581,0.35577
"ceramide (d18:1/20:0, d16:1/22:0, d20:1/18:0)*",0.38975,0.70237,0.69112,0.69155,0.69153
"oleoyl-oleoyl-glycerol (18:1/18:1) [2]*",0.38714,0.3323,0.35768,0.36622,0.36675
"cis-3,4-methyleneheptanoylcarnitine",0.38687,1.1754,1.2204,1.222,1.224
"cytidine 5'-monophospho-N-acetylneuraminic acid",0.38661,0.43711,0.44809,0.45878,0.45867
"S-1-pyrroline-5-carboxylate",0.38648,0.61698,0.61031,0.60825,0.60809
"ADP",0.3861,0.35558,0.34932,0.3517,0.35161
"1-stearoyl-2-oleoyl-GPE (18:0/18:1)",0.3852,0.34744,0.34152,0.34055,0.34098
"xanthosine",0.38378,0.45623,0.49086,0.48941,0.48931
"cholesterol sulfate",0.3837,0.32883,0.3505,0.34932,0.3493
"methionine sulfone",0.3828,0.56957,0.65955,0.66689,0.66747
"cysteine",0.37965,0.34771,0.34768,0.34803,0.34799
"X-23739",0.37817,0.3664,0.36022,0.35912,0.35904
"3-hydroxyglutarate",0.37772,0.34082,0.36378,0.37095,0.37087
"oleoyl-linoleoyl-glycerol (18:1/18:2) [2]",0.3751,0.38909,0.38782,0.3924,0.39273
"hexadecanedioate (C16)",0.375,0.34522,0.3805,0.38308,0.38425
"sphingomyelin (d18:1/18:1, d18:2/18:0)",0.37297,0.32117,0.31839,0.31732,0.31733
"1-methyl-4-imidazoleacetate",0.37242,0.36586,0.36523,0.36671,0.36662
"oleoylcarnitine (C18:1)",0.3722,1.1298,1.1117,1.1103,1.1101
"behenoylcarnitine (C22)*",0.37213,0.58184,0.66181,0.65963,0.66017
"UDP-N-acetylglucosamine/galactosamine",0.37115,0.31805,0.31395,0.31358,0.31356
"laurate (12:0)",0.36913,0.40851,0.40802,0.4083,0.40836
"catechol sulfate",0.36854,0.38292,0.39355,0.39298,0.39299
"12,13-DiHOME",0.36847,0.33926,0.33905,0.33819,0.34129
"methionine sulfoxide",0.36545,0.44805,0.4563,0.45484,0.45493
"thioproline",0.36535,0.32793,0.32234,0.32177,0.32169
"4-guanidinobutanoate",0.3617,0.44281,0.43801,0.43752,0.43746
"1-docosahexaenoyl-GPE (22:6)*",0.35639,0.63059,0.62917,0.62713,0.62703
"N-palmitoyl-sphingosine (d18:1/16:0)",0.35628,0.74854,0.73897,0.73677,0.73658
"stearoylcarnitine (C18)",0.35624,1.0079,0.99231,0.98993,0.9897
"acetylphosphate",0.35594,0.42312,0.45854,0.47534,0.47552
"proline",0.35439,0.33525,0.33006,0.33153,0.33206
"N-myristoyltaurine*",0.35388,0.41916,0.43685,0.45436,0.45428
"1-margaroylglycerol (17:0)",0.35294,0.47515,0.47062,0.46944,0.46956
"1-stearyl-GPC (O-18:0)*",0.35049,0.33554,0.41268,0.41827,0.4202
"valylglycine",0.3496,0.56611,0.55765,0.55648,0.55667
"laurylcarnitine (C12)",0.34838,1.2499,1.2282,1.2286,1.2284
"tetradecanedioate (C14)",0.34578,0.34831,0.35785,0.36564,0.36556
"X-26107",0.34332,0.63098,0.62367,0.62161,0.62239
"arachidoylcarnitine (C20)*",0.3432,0.62736,0.74002,0.73843,0.73835
"gamma-glutamyl-epsilon-lysine",0.34262,0.36965,0.36393,0.36269,0.36289
"X-10445",0.34135,0.51894,0.54783,0.54607,0.54603
"3-hydroxyhexanoate",0.34083,0.41195,0.40618,0.40733,0.40739
"ethyl beta-glucopyranoside",0.33929,0.29141,0.30961,0.33995,0.34026
"1-palmitoyl-2-arachidonoyl-GPE (16:0/20:4)*",0.33881,0.29245,0.30888,0.30936,0.30941
"leucine",0.33674,0.31386,0.30961,0.30965,0.30986
"1-stearoyl-2-linoleoyl-GPE (18:0/18:2)*",0.33497,0.3234,0.32524,0.32424,0.3246
"sphingomyelin (d18:1/21:0, d17:1/22:0, d16:1/23:0)*",0.33497,0.38133,0.37983,0.37996,0.37987
"1-margaroyl-2-oleoyl-GPC (17:0/18:1)*",0.33496,0.30609,0.30071,0.30013,0.30062
"pyridoxamine phosphate",0.33486,0.29936,0.29827,0.29771,0.29764
"1-(1-enyl-stearoyl)-2-arachidonoyl-GPE (P-18:0/20:4)*",0.33451,0.29114,0.30578,0.30637,0.3063
"hypotaurine",0.3323,0.29413,0.29147,0.29068,0.29137
"stearoyl-docosahexaenoyl-glycerol (18:0/22:6) [2]*",0.33228,0.39425,0.43769,0.4461,0.446
"cysteine-glutathione disulfide",0.32895,0.42594,0.47858,0.48254,0.48248
"nicotinamide riboside",0.328,0.40939,0.41888,0.42229,0.42252
"X-12798",0.32694,0.34474,0.38376,0.38276,0.3838
"phenylalanylalanine",0.32649,0.89906,0.88326,0.88101,0.8808
"3-hydroxystearate",0.32602,0.28021,0.29083,0.30247,0.3073
"sphingomyelin (d18:1/20:1, d18:2/20:0)*",0.32415,0.27795,0.27316,0.27276,0.27276
"16-hydroxypalmitate",0.32346,0.29416,0.38103,0.38824,0.39221
"1-stearoyl-2-linoleoyl-GPC (18:0/18:2)*",0.3227,0.28094,0.30174,0.30105,0.30119
"adenine",0.32005,0.27995,0.31495,0.31571,0.31567
"X-21353",0.31936,0.34492,0.33935,0.34036,0.34114
"adrenoylcarnitine (C22:4)*",0.31669,0.56198,0.57778,0.58031,0.58183
"3-formylindole",0.31619,0.32213,0.3171,0.31742,0.31735
"sulfate*",0.31504,0.27221,0.26951,0.26863,0.26857
"methyl glucopyranoside (alpha + beta)",0.3138,0.27879,0.46628,0.48183,0.48189
"diacylglycerol (16:1/18:2 [2], 16:0/18:3 [1])*",0.31372,0.53123,0.52191,0.52122,0.52114
"linoleoyl-linoleoyl-glycerol (18:2/18:2) [1]*",0.30898,0.41125,0.40935,0.41298,0.41297
"palmitoylcarnitine (C16)",0.30868,1.0091,0.99143,0.99214,0.99192
"pyridoxal phosphate",0.30767,0.32889,0.32631,0.3279,0.32839
"palmitoyl-linoleoyl-glycerol (16:0/18:2) [2]*",0.30614,0.36473,0.35856,0.36256,0.36308
"sphingomyelin (d18:0/20:0, d16:0/22:0)*",0.30593,0.26575,0.30507,0.30482,0.30475
"1-pentadecanoyl-2-docosahexaenoyl-GPC (15:0/22:6)*",0.30256,0.26057,0.26284,0.26201,0.26302
"dodecadienoate (12:2)*",0.30013,0.28235,0.43934,0.44331,0.44588
"3-hydroxymyristate",0.29841,0.26206,0.28535,0.29626,0.30008
"deoxycholate",0.29825,0.32107,0.31845,0.33116,0.33132
"tryptophan",0.2949,0.29237,0.28727,0.28699,0.28786
"2-arachidonoyl-GPI (20:4)*",0.29403,0.58708,0.57682,0.57922,0.57931
"N-palmitoyl-sphinganine (d18:0/16:0)",0.29104,0.64395,0.63348,0.63193,0.63237
"1-oleoyl-2-linoleoyl-GPC (18:1/18:2)*",0.28939,0.2481,0.26699,0.26769,0.26823
"1-dihomo-linolenylglycerol (20:3)",0.28878,0.50889,0.50033,0.51086,0.51078
"glycerophosphoinositol*",0.2887,0.30588,0.30787,0.31676,0.31692
"1-palmitoylglycerol (16:0)",0.28868,0.37856,0.37531,0.38727,0.38748
"phosphatidylcholine (18:0/20:2, 20:0/18:2)*",0.28862,0.3021,0.29909,0.29832,0.29831
"FAD",0.28574,0.25255,0.24859,0.2533,0.2534
"pyridoxal",0.2855,0.50482,0.49712,0.49654,0.49642
"1-(1-enyl-stearoyl)-2-linoleoyl-GPE (P-18:0/18:2)*",0.28532,0.24562,0.26045,0.26029,0.26023
"1-stearoyl-2-docosahexaenoyl-GPS (18:0/22:6)*",0.28203,0.25277,0.25091,0.25076,0.25077
"N-acetyl-glucosamine 1-phosphate",0.28062,0.35238,0.35143,0.35247,0.35256
"biopterin",0.27576,0.53044,0.55552,0.55471,0.55469
"1,2-dipalmitoyl-GPE (16:0/16:0)*",0.27289,0.25428,0.25404,0.2556,0.25614
"urea",0.27257,0.30855,0.31295,0.31262,0.31257
"aconitate [cis or trans]",0.27251,2.4682,2.4882,2.502,2.5036
"phytosphingosine",0.27224,0.34067,0.33469,0.3339,0.33384
"N-acetylalanine",0.27212,0.43006,0.4226,0.42187,0.42178
"N-palmitoyltaurine",0.27027,0.23428,0.23755,0.23925,0.23983
"CDP-ethanolamine",0.26893,0.24208,0.23978,0.24165,0.24162
"1-oleoyl-2-linoleoyl-GPE (18:1/18:2)*",0.26775,0.2703,0.28606,0.28545,0.28642
"palmitoyl-oleoyl-glycerol (16:0/18:1) [2]*",0.2659,0.39103,0.38575,0.388,0.38833
"2,4-di-tert-butylphenol",0.26586,0.36611,0.36291,0.36635,0.3665
"homoserine",0.265,0.48105,0.47366,0.47237,0.47229
"4-hydroxyglutamate",0.26295,0.22838,0.23005,0.23284,0.24203
"stearoyl sphingomyelin (d18:1/18:0)",0.26217,0.22566,0.22544,0.22522,0.22546
"1-oleoyl-2-linoleoyl-GPG (18:1/18:2)*",0.2579,0.22486,0.22125,0.22279,0.22277
"fructosyllysine",0.25693,0.28417,0.3108,0.31115,0.31107
"caprate (10:0)",0.25693,0.3326,0.36228,0.36174,0.36169
"5-(galactosylhydroxy)-lysine",0.25643,0.29717,0.29864,0.29784,0.29777
"hippurate",0.25528,0.21936,0.41181,0.41879,0.41869
"methionine",0.25279,0.29798,0.29661,0.2956,0.29597
"1-palmitoyl-2-oleoyl-GPE (16:0/18:1)",0.25171,0.21568,0.21226,0.21194,0.21226
"fumarate",0.25078,0.2167,0.21308,0.21404,0.21404
"5-methylthioadenosine (MTA)",0.25062,0.21556,0.21208,0.21145,0.2114
"1-meadoylglycerol (20:3n9)*",0.24964,0.59906,0.62155,0.6264,0.62646
"FMN",0.24822,0.21325,0.20953,0.20943,0.20987
"biliverdin",0.24616,0.3026,0.29772,0.29839,0.29833
"threonate",0.24527,0.32061,0.32617,0.32538,0.3253
"stachydrine",0.24482,0.66089,0.67491,0.67336,0.67339
"3-hydroxyhexanoylcarnitine (1)",0.24105,0.30099,0.30426,0.30325,0.30319
"beta-hydroxyisovalerate",0.24091,0.31971,0.32443,0.35209,0.35406
"N-carbamoylaspartate",0.23955,0.3409,0.3708,0.37105,0.3713
"ornithine",0.23888,0.2065,0.23253,0.23349,0.23446
"isoleucine",0.23834,0.22203,0.22305,0.22436,0.22441
"3-hydroxypalmitoylcarnitine",0.23755,0.60537,0.60356,0.60151,0.60263
"1-palmitoyl-2-pentadecanoyl-GPC (16:0/15:0)*",0.23494,0.20146,0.23023,0.23036,0.23037
"ribose 1-phosphate",0.2346,0.26169,0.27015,0.27034,0.27028
"cytosine",0.23436,0.20861,0.21347,0.23404,0.236
"decanoylcarnitine (C10)",0.23371,1.2079,1.1874,1.1902,1.1899
"N,N,N-trimethyl-alanylproline betaine (TMAP)",0.23153,0.19872,0.19558,0.19508,0.19507
"mannitol/sorbitol",0.23067,0.41599,0.40947,0.40832,0.40863
"2-methylmalonylcarnitine (C4-DC)",0.22864,0.22574,0.23475,0.23452,0.23447
"N-acetyltaurine",0.22689,0.27021,0.27642,0.27615,0.27608
"S-lactoylglutathione",0.22638,0.44317,0.48875,0.48721,0.48723
"tartronate (hydroxymalonate)",0.22527,0.19305,0.19167,0.19177,0.19176
"tyrosine",0.22512,0.47934,0.47232,0.47115,0.47158
"1-oleoyl-GPS (18:1)",0.22503,0.43975,0.51543,0.51627,0.51662
"2-oxoarginine*",0.22172,0.20448,0.23954,0.23875,0.2388
"X-15220",0.2215,0.22038,0.30594,0.30539,0.30534
"1-palmitoyl-2-docosahexaenoyl-GPC (16:0/22:6)",0.21794,0.18896,0.19466,0.19439,0.19442
"N-acetylglycine",0.21748,0.19276,0.20248,0.20411,0.2045
"3-hydroxydecanoate",0.21341,0.19635,0.20009,0.20242,0.20488
"N-acetylglucosaminylasparagine",0.2129,0.23706,0.25341,0.25271,0.25276
"1-stearoyl-2-docosapentaenoyl-GPC (18:0/22:5n6)*",0.2115,0.28323,0.28509,0.28412,0.28413
"1,2-dipalmitoyl-GPC (16:0/16:0)",0.21129,0.18895,0.18834,0.1884,0.18867
"1-myristoyl-2-arachidonoyl-GPC (14:0/20:4)*",0.21101,0.1808,0.18034,0.17976,0.18064
"glutarate (C5-DC)",0.20821,0.33426,0.33767,0.3382,0.33816
"dihydroxyacetone phosphate (DHAP)",0.20792,1.3815,1.4048,1.421,1.4208
"1-stearoyl-2-arachidonoyl-GPE (18:0/20:4)",0.20783,0.1788,0.19875,0.19872,0.19881
"2-methylcitrate/homocitrate",0.20646,0.2371,0.23925,0.23899,0.239
"1-palmitoyl-2-palmitoleoyl-GPE (16:0/16:1)*",0.20583,0.38802,0.38267,0.38158,0.38151
"guanosine",0.20561,0.2407,0.23845,0.24325,0.2435
"2,6-dihydroxybenzoic acid",0.20096,0.20684,0.23306,0.23387,0.23398
"kynurenine",0.19873,0.19679,0.19334,0.20285,0.20412
"sphingomyelin (d18:1/20:0, d16:1/22:0)*",0.19851,0.17575,0.17703,0.17685,0.17689
"7-methylguanine",0.1958,0.21904,0.28974,0.30254,0.30253
"UDP-glucuronate",0.19478,0.17294,0.17612,0.17553,0.17559
"linolenoylcarnitine (C18:3)*",0.19381,0.86159,0.84682,0.85636,0.8566
"tyrosylglycine",0.19245,0.2709,0.26679,0.26643,0.26637
"oleoyl-arachidonoyl-glycerol (18:1/20:4) [2]*",0.19219,0.18651,0.23896,0.25963,0.25956
"1-(1-enyl-palmitoyl)-2-docosahexaenoyl-GPC (P-16:0/22:6)*",0.19166,0.18126,0.22023,0.2215,0.22214
"1-(1-enyl-palmitoyl)-2-oleoyl-GPC (P-16:0/18:1)*",0.19162,0.30726,0.32267,0.32186,0.32495
"CDP-choline",0.19094,0.21374,0.23502,0.23595,0.23589
"ethylmalonate",0.19069,0.17289,0.17203,0.17229,0.17255
"1-palmitoyl-2-docosahexaenoyl-GPE (16:0/22:6)*",0.19048,0.20526,0.21841,0.22045,0.2204
"3-hydroxybutyrate (BHBA)",0.18986,0.16305,0.17401,0.17342,0.17338
"1-palmitoyl-2-oleoyl-GPI (16:0/18:1)*",0.18924,0.34845,0.34236,0.34128,0.34148
"corticosterone",0.18895,0.39705,0.48002,0.47864,0.48363
"1-stearoyl-2-linoleoyl-GPS (18:0/18:2)",0.18868,0.37201,0.40708,0.43271,0.43312
"1-palmitoyl-2-stearoyl-GPC (16:0/18:0)",0.18848,0.16662,0.16369,0.16366,0.16378
"dodecanedioate (C12)",0.1871,0.29356,0.29877,0.33048,0.33044
"tetradecadienoate (14:2)*",0.18444,0.1888,0.18789,0.19355,0.19648
"aspartate",0.18413,0.28254,0.27826,0.28133,0.28146
"1-linolenoyl-GPG (18:3)*",0.18301,0.1749,0.34127,0.36264,0.36431
"dimethylglycine",0.18283,0.2432,0.25002,0.25039,0.2504
"1-palmitoyl-2-linoleoyl-GPC (16:0/18:2)",0.18193,0.15909,0.186,0.1857,0.18609
"5-dodecenoate (12:1n7)",0.18019,0.19729,0.23751,0.25054,0.25048
"1,2-dilinoleoyl-GPC (18:2/18:2)",0.17827,0.19428,0.23872,0.23903,0.24003
"sphingomyelin (d18:1/17:0, d17:1/18:0, d19:1/16:0)",0.17642,0.17063,0.17554,0.17922,0.17918
"homostachydrine*",0.17612,0.15281,0.15286,0.1526,0.15298
"N-acetylisoleucine",0.17507,0.33853,0.33351,0.33239,0.33242
"2-palmitoleoyl-GPI (16:1)*",0.17475,0.22739,0.22592,0.22601,0.22657
"5-methyltetrahydrofolate (5MeTHF)",0.17425,0.34782,0.35027,0.35,0.34992
"phenylalanine",0.1732,0.26248,0.25788,0.2574,0.25741
"citrulline",0.17219,0.14833,0.14646,0.14627,0.14633
"1-eicosapentaenoylglycerol (20:5)*",0.17177,0.15899,0.15711,0.15667,0.15667
"alpha-tocopherol",0.17053,0.18069,0.1811,0.18399,0.18405
"cytidine",0.17,0.28862,0.28464,0.28372,0.28368
"(N(1) + N(8))-acetylspermidine",0.16988,0.25657,0.2593,0.25844,0.25837
"1-margaroyl-2-linoleoyl-GPC (17:0/18:2)*",0.16952,0.15297,0.22167,0.22283,0.22333
"oxalate (ethanedioate)",0.16866,0.14846,0.14768,0.14733,0.14735
"1-palmitoyl-2-linoleoyl-GPE (16:0/18:2)",0.16559,0.22813,0.22633,0.22598,0.22672
"cholesterol",0.16422,0.1449,0.14352,0.1431,0.14308
"mesaconate (methylfumarate)",0.16357,0.17172,0.23355,0.23809,0.23831
"sphingomyelin (d18:1/14:0, d16:1/16:0)*",0.16352,0.17106,0.25624,0.26195,0.26213
"10-undecenoate (11:1n1)",0.16302,0.28933,0.29682,0.29594,0.29607
"spermine",0.16073,0.33527,0.33997,0.33901,0.33894
"2,3-dihydroxy-2-methylbutyrate",0.15977,0.33013,0.37447,0.37401,0.37515
"galactose 1-phosphate",0.15858,0.58807,0.59623,0.61721,0.61776
"myristoylcarnitine (C14)",0.15856,1.0973,1.0832,1.0829,1.0829
"N-lactoyl tyrosine",0.15855,0.45116,0.46623,0.46696,0.46713
"1-oleoyl-2-docosahexaenoyl-GPC (18:1/22:6)*",0.15735,0.14163,0.13922,0.13915,0.13934
"histamine",0.15673,0.49652,0.5494,0.54832,0.5496
"valylglutamine",0.15661,0.57379,0.56501,0.56514,0.565
"N-formylmethionine",0.15653,0.18554,0.21766,0.21937,0.21933
"threonine",0.15603,0.19355,0.1918,0.19118,0.19126
"ATP",0.15579,0.14202,0.14735,0.18054,0.18061
"linoleoyl-docosahexaenoyl-glycerol (18:2/22:6) [1]*",0.15295,0.17005,0.32924,0.33387,0.33552
"palmitoyl sphingomyelin (d18:1/16:0)",0.15236,0.14241,0.13992,0.13947,0.13946
"arginine",0.15226,0.35425,0.35975,0.36038,0.3603
"1-oleoylglycerol (18:1)",0.15112,0.14996,0.18285,0.18222,0.18577
"pantetheine",0.15073,0.13019,0.22025,0.23996,0.23996
"N1-methyl-2-pyridone-5-carboxamide",0.14629,0.31095,0.39138,0.41414,0.41405
"urate",0.14601,0.22098,0.21755,0.21926,0.22076
"1-palmitoyl-2-eicosapentaenoyl-GPE (16:0/20:5)*",0.14418,0.12779,0.13122,0.1312,0.13116
"kynurenate",0.14409,0.14773,0.17292,0.19113,0.19156
"2-hydroxyadipate",0.14329,0.27973,0.27537,0.29054,0.29115
"histidine",0.14252,0.12446,0.13166,0.13788,0.13785
"2-myristoyl-GPC (14:0)*",0.14197,0.29753,0.30839,0.31082,0.31096
"isocitrate",0.14176,0.17621,0.17841,0.17877,0.17881
"N-acetylphenylalanine",0.14103,0.49335,0.4855,0.48696,0.48906
"alanine",0.1404,0.12404,0.12535,0.13282,0.13282
"N-acetylaspartate (NAA)",0.13928,0.1223,0.21703,0.22632,0.2277
"leucylglycine",0.13889,0.43467,0.42931,0.42959,0.42957
"9,10-DiHOME",0.13804,0.61427,0.61781,0.61607,0.61631
"N6-carbamoylthreonyladenosine",0.13754,0.12727,0.15785,0.16795,0.16807
"sphingomyelin (d18:1/19:0, d19:1/18:0)*",0.13736,0.22775,0.25536,0.26078,0.26071
"asparagine",0.13667,0.2427,0.24521,0.24649,0.24665
"1-pentadecanoylglycerol (15:0)",0.13364,0.44944,0.47666,0.47814,0.47857
"leucylglutamine*",0.13344,0.11959,0.12373,0.12549,0.12569
"indolepropionate",0.13336,0.13898,0.13706,0.1366,0.13659
"deoxycarnitine",0.13312,0.26439,0.25983,0.25902,0.2591
"sphingomyelin (d18:2/21:0, d16:2/23:0)*",0.13308,0.11409,0.11905,0.12089,0.12086
"palmitoyl-docosahexaenoyl-glycerol (16:0/22:6) [1]*",0.13302,0.11911,0.20196,0.21037,0.21094
"phosphocholine",0.13283,0.44036,0.43472,0.43343,0.43345
"1-stearoyl-2-oleoyl-GPG (18:0/18:1)",0.13172,0.11397,0.15113,0.15136,0.15132
"dihomo-linoleoylcarnitine (C20:2)*",0.13031,1.091,1.1024,1.1002,1.1
"beta-hydroxyisovaleroylcarnitine",0.1303,0.12502,0.15538,0.15857,0.15862
"linoleoyl-arachidonoyl-glycerol (18:2/20:4) [1]*",0.13013,0.16176,0.19657,0.19705,0.20016
"1-stearoyl-2-adrenoyl-GPC (18:0/22:4)*",0.12903,0.17344,0.17849,0.18302,0.18353
"glucose 6-phosphate",0.12837,1.1396,1.3648,1.3898,1.3896
"1-(1-enyl-palmitoyl)-2-arachidonoyl-GPC (P-16:0/20:4)*",0.12644,0.11067,0.12819,0.12999,0.13049
"N-acetylthreonine",0.12502,0.27693,0.2732,0.27788,0.27783
"palmitoyl-arachidonoyl-glycerol (16:0/20:4) [2]*",0.12478,0.12907,0.12995,0.14562,0.14593
"1-pentadecanoyl-2-linoleoyl-GPC (15:0/18:2)*",0.12452,0.1197,0.18066,0.18672,0.18669
"1-palmitoyl-2-oleoyl-GPG (16:0/18:1)",0.12328,0.10851,0.10924,0.10888,0.10928
"1-pentadecanoyl-2-arachidonoyl-GPC (15:0/20:4)*",0.11734,0.10061,0.19628,0.20505,0.20546
"N-lactoyl valine",0.11687,0.11579,0.19868,0.20903,0.209
"lactate",0.11417,0.22641,0.22312,0.22287,0.22304
"1-(1-enyl-palmitoyl)-2-docosahexaenoyl-GPE (P-16:0/22:6)*",0.11392,0.18226,0.20759,0.20825,0.20822
"gamma-glutamylglutamate",0.11238,0.69354,0.68209,0.68037,0.6804
"valine",0.1118,0.11692,0.12547,0.1302,0.13065
"X-12101",0.11092,0.099085,0.18089,0.18426,0.1845
"1-palmitoyl-2-oleoyl-GPC (16:0/18:1)",0.11058,0.096457,0.096862,0.099081,0.10047
"sphingomyelin (d18:0/18:0, d19:0/17:0)*",0.10992,0.1199,0.12099,0.12069,0.1207
"phosphoethanolamine (PE)",0.10989,0.14338,0.14089,0.14177,0.14187
"guanidinoacetate",0.10908,0.15611,0.15901,0.1653,0.1679
"heptadecasphingosine (d17:1)",0.10883,0.19992,0.21391,0.21476,0.21479
"1-(1-enyl-palmitoyl)-2-arachidonoyl-GPE (P-16:0/20:4)*",0.10626,0.10582,0.12264,0.12247,0.12245
"allantoic acid",0.10424,0.10909,0.10793,0.10996,0.10994
"1-margaroyl-2-arachidonoyl-GPC (17:0/20:4)*",0.10392,0.11457,0.16521,0.17129,0.17126
"glucosamine 6-phosphate",0.10346,1.1651,1.4174,1.4397,1.4394
"riboflavin (vitamin B2)",0.10226,0.28065,0.33155,0.33042,0.33039
"glutamine",0.10102,0.18409,0.1946,0.19393,0.19403
"1-stearoyl-2-docosahexaenoyl-GPC (18:0/22:6)",0.10055,0.12694,0.17104,0.17644,0.17643
"N-acetylneuraminate",0.10024,0.27846,0.27461,0.27418,0.27413
"1-stearoyl-2-docosahexaenoyl-GPE (18:0/22:6)*",0.097082,0.23485,0.25326,0.25552,0.25545
"palmitoleoylcarnitine (C16:1)*",0.096339,1.2804,1.2588,1.2574,1.2573
"carnitine",0.093402,0.32513,0.32094,0.31988,0.3198
"1-stearoyl-2-linoleoyl-GPI (18:0/18:2)",0.092744,0.090842,0.090436,0.092605,0.092654
"glycine",0.091836,0.17431,0.1782,0.17795,0.17805
"meadoylcarnitine (C20:3n9)*",0.089304,0.61196,0.60187,0.60051,0.60287
"1-stearoyl-2-arachidonoyl-GPS (18:0/20:4)",0.085516,0.07703,0.076504,0.076506,0.078283
"phosphate",0.084663,0.13182,0.15574,0.1559,0.15586
"1-palmitoyl-2-linoleoyl-GPG (16:0/18:2)",0.08431,0.072422,0.094303,0.10427,0.1048
"alpha-glutamylglutamate",0.08422,0.44946,0.44273,0.44125,0.44115
"1-palmitoyl-2-eicosapentaenoyl-GPC (16:0/20:5)*",0.084135,0.10481,0.24461,0.24684,0.24688
"margaroylcarnitine (C17)*",0.083286,0.82087,0.83355,0.83092,0.83071
"1-stearoyl-2-docosapentaenoyl-GPC (18:0/22:5n3)*",0.082692,0.10435,0.10322,0.10287,0.10306
"linoleoyl-linolenoyl-glycerol (18:2/18:3) [1]*",0.082037,0.18014,0.18842,0.20017,0.20041
"sphingosine",0.080651,0.38572,0.38926,0.38886,0.38878
"mannose 6-phosphate",0.079845,1.1376,1.3612,1.3856,1.3854
"N-stearoyl-sphingadienine (d18:2/18:0)*",0.077963,0.66554,0.66586,0.66393,0.66377
"palmitoyl dihydrosphingomyelin (d18:0/16:0)*",0.077169,0.17853,0.17888,0.17851,0.17864
"galactitol (dulcitol)",0.076202,0.26521,0.26256,0.26311,0.2637
"dimethylarginine (ADMA + SDMA)",0.075557,0.35747,0.36054,0.36118,0.36117
"uridine",0.074953,0.082859,0.097021,0.096977,0.096959
"N6-acetyllysine",0.074839,0.085205,0.098618,0.1092,0.10925
"stearoyl-arachidonoyl-glycerol (18:0/20:4) [2]*",0.074267,0.078309,0.079295,0.095787,0.09581
"glycerophosphoserine*",0.072812,0.1501,0.1524,0.15305,0.15326
"palmitoyl-linoleoyl-glycerol (16:0/18:2) [1]*",0.072132,0.06223,0.13931,0.16865,0.16881
"oleoyl-linoleoyl-glycerol (18:1/18:2) [1]",0.071914,0.26928,0.28517,0.28778,0.2879
"X-17335",0.071307,0.081256,0.091402,0.095685,0.095695
"1-palmitoyl-2-palmitoleoyl-GPC (16:0/16:1)*",0.070891,0.072776,0.082891,0.082619,0.082691
"X-22771",0.069873,0.066895,0.06632,0.08898,0.088988
"1-lignoceroyl-GPC (24:0)",0.069644,0.12458,0.13284,0.13239,0.1324
"nicotinate",0.0685,0.06487,0.07643,0.076513,0.076655
"2-hydroxyglutarate",0.067733,0.25329,0.25913,0.25829,0.25837
"1-palmityl-2-palmitoyl-GPC (O-16:0/16:0)*",0.066342,0.059011,0.059029,0.059689,0.059908
"2-methylbutyrylcarnitine (C5)",0.065489,0.35214,0.42034,0.419,0.4192
"benzoylcarnitine*",0.06526,0.056524,0.082782,0.083519,0.083813
"2-methylserine",0.065088,0.86562,0.88266,0.8803,0.8802
"glutathione, oxidized (GSSG)",0.064445,0.055296,0.073692,0.0735,0.073501
"palmitoyl ethanolamide",0.064275,0.52658,0.52292,0.52126,0.52116
"sphingomyelin (d17:1/16:0, d18:1/15:0, d16:1/17:0)*",0.063473,0.054942,0.16239,0.17348,0.17354
"gamma-glutamylleucine",0.062775,0.069687,0.079514,0.082693,0.083111
"mannonate*",0.062081,0.3009,0.30833,0.30789,0.30801
"UMP",0.057444,0.21346,0.2394,0.25077,0.25096
"1-palmitoyl-2-arachidonoyl-GPC (16:0/20:4n6)",0.056424,0.061684,0.073575,0.073475,0.07349
"1-stearoyl-2-arachidonoyl-GPC (18:0/20:4)",0.056224,0.051027,0.069449,0.069641,0.06972
"ceramide (d18:1/14:0, d16:1/16:0)*",0.055392,1.0366,1.022,1.0205,1.0202
"nicotinamide",0.054189,0.08268,0.081304,0.08263,0.08267
"N-behenoyl-sphingadienine (d18:2/22:0)*",0.053626,0.47783,0.47313,0.4722,0.4721
"malate",0.052176,0.14765,0.15968,0.15916,0.15912
"N6,N6,N6-trimethyllysine",0.051585,0.13225,0.13085,0.13518,0.13516
"pyruvate",0.050738,0.21895,0.24797,0.27369,0.27396
"oleoyl-oleoyl-glycerol (18:1/18:1) [1]*",0.050588,0.061304,0.076338,0.12745,0.12875
"CMP",0.048414,0.1302,0.12882,0.12838,0.12855
"3,4-dihydroxybutyrate",0.047717,1.3066,1.4206,1.4158,1.4155
"succinoyltaurine",0.047496,0.13806,0.13695,0.13658,0.13885
"linoleoyl ethanolamide",0.046589,0.71294,0.70071,0.71515,0.71507
"1-(1-enyl-palmitoyl)-2-palmitoyl-GPC (P-16:0/16:0)*",0.045513,0.069876,0.073794,0.085366,0.086804
"maltose",0.045198,0.53911,0.77858,0.79475,0.79468
"creatine phosphate",0.042792,0.20273,0.24382,0.249,0.2493
"4-hydroxy-nonenal-glutathione",0.042185,0.04976,0.079472,0.079592,0.079671
"1-palmitoleoyl-2-linoleoyl-GPC (16:1/18:2)*",0.041548,0.052949,0.091019,0.091078,0.091081
"lyxonate",0.041357,0.58892,0.58521,0.58391,0.5838
"sphingadienine",0.040707,0.5205,0.53783,0.53657,0.53664
"5-oxoproline",0.039612,0.18945,0.19761,0.20659,0.20703
"1-stearoyl-2-oleoyl-GPC (18:0/18:1)",0.039607,0.034156,0.048959,0.055224,0.063039
"arachidonoylcarnitine (C20:4)",0.03958,0.039921,0.078168,0.091064,0.091087
"serine",0.034011,0.43462,0.42707,0.42671,0.42661
"X-23782",0.033535,0.30508,0.35484,0.36169,0.36165
"phenylalanylglycine",0.033362,0.64855,0.63829,0.63788,0.6378
"creatinine",0.032006,0.1256,0.1234,0.12455,0.12452
"fructose",0.031471,1.2631,1.3254,1.3288,1.3285
"N-stearoyl-sphingosine (d18:1/18:0)*",0.03136,0.71629,0.71172,0.70972,0.70955
"1-oleoyl-2-docosahexaenoyl-GPE (18:1/22:6)*",0.031338,0.030015,0.045633,0.046555,0.047321
"tricarballylate",0.030997,0.030318,0.031072,0.030988,0.030981
"N-acetylglutamate",0.030786,0.20085,0.21073,0.21001,0.20999
"S-methylcysteine",0.028989,0.26943,0.28427,0.28334,0.28577
"1-stearoyl-2-arachidonoyl-GPI (18:0/20:4)",0.028694,0.043992,0.043217,0.043095,0.043089
"3'-dephospho-acetyl-CoA",0.027434,0.42946,0.42471,0.42335,0.42328
"N-lactoyl phenylalanine",0.027002,0.21392,0.25099,0.25079,0.25078
"creatine",0.026179,0.052003,0.051412,0.051295,0.0513
"butenoylcarnitine (C4:1)",0.024967,0.25706,0.25258,0.25365,0.25584
"phosphopantetheine",0.024603,0.037917,0.22189,0.22988,0.23006
"glutamate, gamma-methyl ester",0.022481,0.058432,0.091353,0.093221,0.093217
"lignoceroylcarnitine (C24)*",0.022252,0.22797,0.22768,0.23301,0.23611
"5'- GMP",0.020287,0.14785,0.14909,0.14992,0.15009
"palmitoyl-arachidonoyl-glycerol (16:0/20:4) [1]*",0.019687,0.074518,0.10183,0.16094,0.16181
"N6,N6-dimethyllysine",0.019546,0.2022,0.20119,0.20065,0.20128
"sphingomyelin (d18:2/16:0, d18:1/16:1)*",0.019259,0.019215,0.11261,0.1136,0.11428
"taurine",0.018438,0.019181,0.018864,0.019042,0.019069
"3-hydroxylaurate",0.013601,0.11695,0.1626,0.16883,0.17547
"3-hydroxypalmitate",0.013327,0.028422,0.065676,0.11302,0.13085
"N-lactoyl leucine",0.011592,0.018851,0.11258,0.13655,0.13718
"X-22772",0.010809,0.010792,0.018979,0.022183,0.022213
"fructose 6-phosphate",0.010336,1.1335,1.3933,1.4104,1.4101
"guanine",0.010335,0.040738,0.040056,0.065825,0.065839
"gamma-glutamylphenylalanine",0.0095301,0.092591,0.09906,0.10505,0.10556
"2'-O-methyluridine",0.0090582,0.31833,0.32927,0.32815,0.32811
"glycerate",0.0062321,0.091058,0.10503,0.10489,0.10488
"1-behenoyl-GPC (22:0)",0.0060352,0.25363,0.28874,0.29241,0.29236
"malonate",0.0049433,0.0092173,0.052564,0.053701,0.054054
"choline",0.0024448,0.50558,0.51226,0.51063,0.51068
"hydroxy-N6,N6,N6-trimethyllysine*",0.0024059,0.031719,0.05347,0.075215,0.07594
"adenosine 3',5'-cyclic monophosphate (cAMP)",0.0011474,0.01568,0.030868,0.086965,0.087039
